Time,Velocity(f),Velocity,Throttle 
0,350.862,0.808329,0.98
0.01,350.862,0.808329,0.98
0.02,350.862,0.808329,0.98
0.03,350.862,0.808329,0.98
0.04,402.927,0.928277,0.98
0.05,402.917,0.928254,0.98
0.06,402.917,0.928254,0.98
0.07,402.927,0.928277,0.98
0.08,618.425,1.42475,0.98
0.09,1301.02,2.99733,0.98
0.1,1301.24,2.99783,0.98
0.11,1998.76,4.60481,0.98
0.12,1998.56,4.60435,0.98
0.13,2630.13,6.05937,0.98
0.14,2628.81,6.05635,0.98
0.15,3122.76,7.19431,0.98
0.16,3122.85,7.19454,0.98
0.17,3570.41,8.22563,0.98
0.18,3570.54,8.22592,0.98
0.19,3567.35,8.21859,0.98
0.2,3904.42,8.99514,0.98
0.21,3903.51,8.99303,0.98
0.22,4110.15,9.46911,0.98
0.23,4112.18,9.47378,0.98
0.24,4288.72,9.88049,0.98
0.25,4287.61,9.87795,0.98
0.26,4422.82,10.1894,0.98
0.27,4421.65,10.1867,0.98
0.28,4521.82,10.4175,0.98
0.29,4521.82,10.4175,0.98
0.3,4584,10.5608,0.98
0.31,4581.27,10.5545,0.98
0.32,4582.74,10.5579,0.98
0.33,4585.26,10.5637,0.98
0.34,4583.79,10.5603,0.98
0.35,4585.26,10.5637,0.98
0.36,4580.01,10.5516,0.98
0.37,4583.79,10.5603,0.98
0.38,4585.47,10.5642,0.98
0.39,4643.82,10.6986,0.98
0.4,4647.92,10.708,0.98
0.41,4687.35,10.7989,0.98
0.42,4693.07,10.8121,0.98
0.43,4713.65,10.8595,0.98
0.44,4716.54,10.8661,0.98
0.45,4734.62,10.9078,0.98
0.46,4740.24,10.9207,0.98
0.47,4762.81,10.9727,0.98
0.48,4505.11,10.379,0.98
0.49,4760.09,10.9665,0.98
0.5,4758.73,10.9633,0.98
0.51,4646.62,10.7051,0.98
0.52,4781.26,11.0152,0.98
0.53,4782.63,11.0184,0.98
0.54,4782.86,11.0189,0.98
0.55,4778.52,11.0089,0.98
0.56,4781.26,11.0152,0.98
0.57,4779.89,11.0121,0.98
0.58,4784.23,11.0221,0.98
0.59,4782.86,11.0189,0.98
0.6,4784.23,11.0221,0.98
0.61,4551.25,10.4853,0.98
0.62,4784.23,11.0221,0.98
0.63,4782.86,11.0189,0.98
0.64,4784.23,11.0221,0.98
0.65,4781.26,11.0152,0.98
0.66,4778.52,11.0089,0.98
0.67,4782.63,11.0184,0.98
0.68,4781.26,11.0152,0.98
0.69,4781.26,11.0152,0.98
0.7,4785.6,11.0252,0.98
0.71,4781.26,11.0152,0.98
0.72,4782.63,11.0184,0.98
0.73,4777.15,11.0058,0.98
0.74,4781.26,11.0152,0.98
0.75,4781.26,11.0152,0.98
0.76,4776.92,11.0052,0.98
0.77,4648.14,10.7085,0.98
0.78,4784,11.0216,0.98
0.79,4779.89,11.0121,0.98
0.8,4777.15,11.0058,0.98
0.81,4781.26,11.0152,0.98
0.82,4781.49,11.0158,0.98
0.83,4713.65,10.8595,0.98
0.84,4717.87,10.8692,0.98
0.85,4712.31,10.8564,0.98
0.86,4442.67,10.2352,0.98
0.87,4439.91,10.2288,0.98
0.88,4344.8,10.0097,0.98
0.89,4344.8,10.0097,0.98
0.9,4295.72,9.89662,0.98
0.91,4344.8,10.0097,0.98
0.92,4345.94,10.0123,0.98
0.93,4398.7,10.1339,0.98
0.94,4401.02,10.1392,0.98
0.95,4479.89,10.3209,0.98
0.96,4481.09,10.3237,0.98
0.97,4542.15,10.4644,0.98
0.98,4542.36,10.4648,0.98
0.99,4605.11,10.6094,0.98
1,4603.63,10.606,0.98
1.01,4646.41,10.7046,0.0001
1.02,4647.92,10.708,0.98
1.03,4693.07,10.8121,0.0001
1.04,4689.99,10.805,0.98
1.05,4691.53,10.8085,0.98
1.06,4715.2,10.863,0.98
1.07,4717.87,10.8692,0.98
1.08,4737.32,10.914,0.98
1.09,4736.19,10.9114,0.98
1.1,4761.22,10.9691,0.98
1.11,4758.51,10.9628,0.98
1.12,4758.51,10.9628,0.98
1.13,4757.15,10.9597,0.98
1.14,4781.49,11.0158,0.98
1.15,4780.11,11.0126,0.98
1.16,4781.26,11.0152,0.98
1.17,4784.23,11.0221,0.98
1.18,4781.26,11.0152,0.98
1.19,4784.23,11.0221,0.98
1.2,4776.92,11.0052,0.98
1.21,4781.49,11.0158,0.98
1.22,4782.86,11.0189,0.98
1.23,4776.92,11.0052,0.98
1.24,4779.89,11.0121,0.98
1.25,4785.6,11.0252,0.98
1.26,4720.54,10.8754,0.98
1.27,4781.26,11.0152,0.98
1.28,4781.49,11.0158,0.98
1.29,4777.15,11.0058,0.98
1.3,4781.26,11.0152,0.736113
1.31,4781.49,11.0158,0.98
1.32,4778.52,11.0089,0.98
1.33,4807,11.0745,0.98
1.34,4758.51,10.9628,0.98
1.35,4649.22,10.711,0.98
1.36,4647.92,10.708,0.98
1.37,4622.35,10.6491,0.98
1.38,4626.42,10.6585,0.98
1.39,4622.35,10.6491,0.98
1.4,4626.42,10.6585,0.98
1.41,4623.85,10.6526,0.98
1.42,4702.78,10.8344,0.98
1.43,4882.1,11.2475,0.98
1.44,4855.31,11.1858,0.98
1.45,4669.62,10.758,0.394961
1.46,4691.53,10.8085,0.0001
1.47,4692.85,10.8116,1
1.48,4713.65,10.8595,0.98
1.49,4710.98,10.8533,0.381087
1.5,4735.97,10.9109,0.98
1.51,4757.15,10.9597,0.91031
1.52,4757.15,10.9597,0.98
1.53,4762.81,10.9727,0.802923
1.54,4781.26,11.0152,0.961423
1.55,4781.26,11.0152,0.98
1.56,4781.26,11.0152,0.971925
1.57,4890.93,11.2679,0.783459
1.58,5016.81,11.5579,0.98
1.59,4713.65,10.8595,0.925372
1.6,4649.22,10.711,0.0001
1.61,4647.92,10.708,0.0001
1.62,4563.08,10.5126,0.98
1.63,4561.84,10.5097,0.482416
1.64,4520.39,10.4142,0.98
1.65,4520.39,10.4142,0.98
1.66,4521.82,10.4175,0.687677
1.67,4424,10.1922,0.98
1.68,4424.19,10.1926,0.814169
1.69,4177.81,9.62498,0.98
1.7,4182.35,9.63544,0.98
1.71,4069.34,9.37509,0.668085
1.72,3965.42,9.13568,0.98
1.73,3929.43,9.05275,0.227308
1.74,3752.35,8.64478,0.98
1.75,3933.14,9.0613,0.98
1.76,3934.22,9.06379,0.98
1.77,4061.24,9.35643,0.98
1.78,4063.06,9.36062,0.0001
1.79,4062.07,9.35833,0.98
1.8,4009.3,9.23677,0.0001
1.81,4326.01,9.96641,0.98
1.82,4327.13,9.969,0.98
1.83,4325.82,9.96598,0.98
1.84,4440.1,10.2293,0.0001
1.85,4440.1,10.2293,0.98
1.86,4540.91,10.4615,0.707644
1.87,4541.12,10.462,0.0001
1.88,4627.92,10.662,0.0001
1.89,4626.42,10.6585,0.0001
1.9,4672.24,10.7641,0.583926
1.91,4668.32,10.755,0.0001
1.92,4717.65,10.8687,0.93789
1.93,4712.31,10.8564,0.0001
1.94,4713.65,10.8595,0.737398
1.95,4758.51,10.9628,0.0001
1.96,4757.15,10.9597,0.648088
1.97,4779.89,11.0121,0.198743
1.98,4781.49,11.0158,0.0001
1.99,4801.46,11.0618,0.388944
2,4804.23,11.0681,0.0001
2.01,4826.02,11.1184,0.187773
2.02,4827.65,11.1221,0.0001
2.03,4848.01,11.169,0.0972737
2.04,4859.79,11.1962,0.0001
2.05,4850.84,11.1755,0
2.06,4851.07,11.1761,0.0001
2.07,4851.07,11.1761,0.0001
2.08,4876.15,11.2338,0.0001
2.09,4874.48,11.23,0.0001
2.1,4871.87,11.224,0.0001
2.11,4876.15,11.2338,0.0001
2.12,4760.09,10.9665,0.0001
2.13,4759.86,10.9659,0.0001
2.14,4270.4,9.8383,0.0001
2.15,4270.4,9.8383,0.98
2.16,4267.12,9.83074,0.0001
2.17,3971.41,9.14946,0.98
2.18,4044.65,9.31821,0.0001
2.19,4044.65,9.31821,0.866244
2.2,4046.78,9.32311,0.98
2.21,4130.35,9.51565,0.0001
2.22,4128.14,9.51055,0.98
2.23,4269.31,9.83578,0.21639
2.24,4271.68,9.84124,0.687812
2.25,4381.54,10.0944,0.210381
2.26,4381.74,10.0948,0.210381
2.27,4382.89,10.0975,0.0001
2.28,4441.29,10.232,0.0001
2.29,4442.47,10.2347,0.243871
2.3,4381.54,10.0944,0.0001
2.31,4381.54,10.0944,0.0001
2.32,4381.74,10.0948,0.0368964
2.33,4327.13,9.969,0.656733
2.34,4327.13,9.969,0.0001
2.35,4062.23,9.35871,0.0001
2.36,4063.22,9.361,0.632069
2.37,3980.26,9.16986,0.0001
2.38,3982.32,9.1746,0.98
2.39,4016.23,9.25272,0.0001
2.4,4015.26,9.25049,0.98
2.41,4142.16,9.54285,0.0001
2.42,4128.31,9.51094,0.0001
2.43,4128.14,9.51055,0.357722
2.44,4253.51,9.79938,0.0001
2.45,4250.07,9.79147,0.821662
2.46,4150.76,9.56265,0.0001
2.47,4253.33,9.79896,0.0001
2.48,3904.42,8.99514,0.45343
2.49,3905.33,8.99725,0.98
2.5,3673.77,8.46376,0.0001
2.51,3673.09,8.4622,0.98
2.52,3729.53,8.59223,0.0001
2.53,3728.7,8.59031,0.98
2.54,3903.35,8.99268,0.965474
2.55,3902.59,8.99092,0.0001
2.56,4013.16,9.24566,0.851875
2.57,4014.13,9.24789,0
2.58,4014.29,9.24826,0.0001
2.59,4180.08,9.63021,0.0001
2.6,4326.01,9.96641,0.726775
2.61,4327.13,9.969,0.0425727
2.62,4379.24,10.089,0.0001
2.63,4382.89,10.0975,0.0001
2.64,4344.61,10.0093,0.158162
2.65,4342.54,10.0045,0.0001
2.66,4343.67,10.0071,0.0001
2.67,3997.12,9.20871,0.0001
2.68,3997.12,9.20871,0.195372
2.69,3997.28,9.20908,0.0001
2.7,3918.8,9.02827,0.98
2.71,3921.72,9.035,0.0001
2.72,3998.08,9.21092,0.546037
2.73,3997.12,9.20871,0.98
2.74,3997.28,9.20908,0.0001
2.75,4129.33,9.51329,0.0001
2.76,4129.33,9.51329,0.0001
2.77,4134.62,9.52549,0.400515
2.78,4269.31,9.83578,0.0001
2.79,4270.58,9.83872,0.496445
2.8,4402.18,10.1419,0.496445
2.81,4503.9,10.3762,0.0001
2.82,4503.9,10.3762,0.332163
2.83,4503.9,10.3762,0.0001
2.84,4501.26,10.3702,0
2.85,4497.41,10.3613,0.0001
2.86,4500.25,10.3678,0.0001
2.87,4324.7,9.96339,0.0001
2.88,4322.46,9.95822,0.0001
2.89,4288.72,9.88049,0.0001
2.9,4288.72,9.88049,0.98
2.91,4215.32,9.7114,0.0001
2.92,4217.63,9.71672,0.19623
2.93,4215.32,9.7114,0.19623
2.94,3903.51,8.99303,0.0001
2.95,3903.51,8.99303,0.661297
2.96,3729.53,8.59223,0.0001
2.97,3726.06,8.58423,0.98
2.98,3728.7,8.59031,0.0001
2.99,3728.7,8.59031,0.98
3,3594.54,8.28122,0.0001
3.01,3329.56,7.67076,0.406522
3.02,3331.67,7.67561,0.144755
3.03,3332.33,7.67715,0.98
3.04,3330.34,7.67254,0.98
3.05,3331,7.67408,0.0001
3.06,3469.81,7.99387,0.98
3.07,3468.97,7.99193,0.733258
3.08,3728.7,8.59031,0.0001
3.09,3729.53,8.59223,0.98
3.1,3903.35,8.99268,0.0001
3.11,3904.57,8.99549,0.98
3.12,3902.44,8.99057,0.0131265
3.13,3981.21,9.17205,0.0001
3.14,3980.26,9.16986,0.848346
3.15,3980.26,9.16986,0.0001
3.16,3980.1,9.16949,0.428397
3.17,3727.87,8.58839,0.0001
3.18,3729.53,8.59223,0.0633567
3.19,3673.9,8.46407,0.98
3.2,3673.77,8.46376,0.0001
3.21,3467.53,7.98861,0.98
3.22,3469.81,7.99387,0.114922
3.23,3469.81,7.99387,0.98
3.24,3203.59,7.38054,0.0001
3.25,3233.21,7.44879,0.98
3.26,3203.59,7.38054,0.98
3.27,3046.55,7.01875,0.0001
3.28,3045.99,7.01747,0.98
3.29,2807.41,6.46781,0.98
3.3,2807.88,6.4689,0.68888
3.31,2905.37,6.6935,0.98
3.32,2904.95,6.69252,0.729329
3.33,3162.86,7.2867,0.688993
3.34,3162.36,7.28554,0.98
3.35,3161.06,7.28255,0.0001
3.36,3330.89,7.67382,0.98
3.37,3331,7.67408,0.98
3.38,3422.2,7.88417,0.0001
3.39,3422.9,7.88579,0.98
3.4,3620.56,8.34118,0.0001
3.41,3622.27,8.34511,0.98
3.42,3843.35,8.85443,0.98
3.43,3818.69,8.79763,0.0001
3.44,3844.38,8.85681,0.0001
3.45,4013.32,9.24604,0.98
3.46,4013.16,9.24566,0.938934
3.47,4181.3,9.63303,0.0001
3.48,4124.9,9.50309,0.98
3.49,4325.82,9.96598,0.0001
3.5,4322.46,9.95822,0.98
3.51,4386.35,10.1054,0.0001
3.52,4421.65,10.1867,0.98
3.53,4421.65,10.1867,0.0001
3.54,4501.26,10.3702,0.359951
3.55,4497.62,10.3618,0.0001
3.56,4563.08,10.5126,0.0962858
3.57,4563.08,10.5126,0.0001
3.58,4560.38,10.5064,0.0001
3.59,4625.13,10.6555,0.0001
3.6,4623.85,10.6526,0.0001
3.61,4687.35,10.7989,0.0001
3.62,4691.53,10.8085,0.0001
3.63,4607.66,10.6153,0.0001
3.64,4607.87,10.6158,0.0001
3.65,4603.63,10.606,0.542903
3.66,4043.67,9.31595,0.0001
3.67,4078.8,9.39689,0.0001
3.68,3469.81,7.99387,0.98
3.69,3471.98,7.99887,0.0001
3.7,3046.64,7.01896,0.897208
3.71,3045.99,7.01747,0.98
3.72,3045.99,7.01747,0.0001
3.73,3048.32,7.02282,0.98
3.74,3244.54,7.47489,0.0001
3.75,3243.8,7.47319,0.98
3.76,3244.44,7.47464,0.98
3.77,3245.7,7.47755,0.0001
3.78,3244.44,7.47464,0.98
3.79,3785.15,8.72037,0.98
3.8,3786.01,8.72235,0.98
3.81,3784.3,8.71839,0.98
3.82,3981.37,9.17241,0.0001
3.83,3981.21,9.17205,0.98
3.84,4164.93,9.59531,0.0001
3.85,4165.8,9.59731,0.98
3.86,4250.07,9.79147,0.0001
3.87,4308.49,9.92604,0.98
3.88,4411.89,10.1643,0.0001
3.89,4421.65,10.1867,0.0001
3.9,4421.65,10.1867,0.0001
3.91,4740.24,10.9207,0.0001
3.92,4501.46,10.3706,0.235366
3.93,4560.38,10.5064,0.0001
3.94,4563.08,10.5126,0.717777
3.95,4542.36,10.4648,0.98
3.96,4645.11,10.7016,0.0001
3.97,4179.03,9.62779,0.0001
3.98,4180.08,9.63021,0.0001
3.99,4182.18,9.63504,0.98
4,3985.18,9.18118,0.0001
4.01,3935.15,9.06593,0.504049
4.02,3819.42,8.79931,0.98
4.03,3906.4,8.99971,0.142985
4.04,3902.59,8.99092,0.243313
4.05,3900.61,8.98637,0.647992
4.06,3904.42,8.99514,0.137522
4.07,3728.7,8.59031,0.379629
4.08,3882.59,8.94485,0.170781
4.09,3331.67,7.67561,0.98
4.1,3331,7.67408,0.0001
4.11,3330.34,7.67254,0.98
4.12,2904.95,6.69252,0.0001
4.13,2904.87,6.69233,0.98
4.14,2576.26,5.93527,0.98
4.15,2575.46,5.93344,0.0001
4.16,2658.09,6.1238,0.98
4.17,2657.67,6.12282,0.98
4.18,2939.1,6.7712,0.88347
4.19,2996.88,6.90432,0.98
4.2,3287.09,7.57292,0.0001
4.21,3287.09,7.57292,0.98
4.22,3647.9,8.40417,0.0001
4.23,3568.88,8.22211,0.98
4.24,3844.23,8.85647,0.98
4.25,3842.46,8.85239,0.0001
4.26,2883.92,6.64408,0.0001
4.27,4045.8,9.32085,0.98
4.28,4246.65,9.78357,0.98
4.29,4045.8,9.32085,0.0001
4.3,4212.12,9.70403,0.98
4.31,4216.56,9.71426,0.98
4.32,4363.76,10.0534,0.0001
4.33,4364.91,10.056,0.98
4.34,4362.43,10.0503,0.0001
4.35,4460.1,10.2753,0.8016
4.36,4459.91,10.2749,0.0001
4.37,4542.15,10.4644,0.0001
4.38,4542.15,10.4644,0.329966
4.39,4603.63,10.606,0.0001
4.4,4601.09,10.6001,0.0001
4.41,4584,10.5608,0.0001
4.42,4583.79,10.5603,0.0001
4.43,4328.25,9.97158,0.0001
4.44,4329.38,9.97417,0.0001
4.45,4324.7,9.96339,0.98
4.46,4128.14,9.51055,0.0001
4.47,4130.35,9.51565,0.231075
4.48,3620.7,8.34148,0.98
4.49,3619.78,8.33937,0.0001
4.5,3009.33,6.933,0.401992
4.51,3011.05,6.93696,0.98
4.52,2630.96,6.06129,0.98
4.53,2629.64,6.05826,0.0001
4.54,2656.75,6.12071,0.98
4.55,2657.67,6.12282,0.98
4.56,2658.51,6.12478,0.280841
4.57,2659.43,6.12689,0.98
4.58,2939.02,6.77101,0.98
4.59,3246.44,7.47925,0.98
4.6,3243.8,7.47319,0.0001
4.61,3244.44,7.47464,0.0001
4.62,3244.44,7.47464,0.98
4.63,3244.44,7.47464,0.98
4.64,3376.1,7.77797,0.98
4.65,3377.35,7.78086,0.98
4.66,3568.12,8.22035,0.0001
4.67,3570.54,8.22592,0.98
4.68,3784.3,8.71839,0.0001
4.69,3787.02,8.72466,0.98
4.7,3913.89,9.01696,0.98
4.71,3982.32,9.1746,0.0001
4.72,4147.48,9.55512,0.98
4.73,4145.42,9.55037,0.0001
4.74,4292.21,9.88855,0.0001
4.75,4291.11,9.88601,0.98
4.76,4403.54,10.145,0.438384
4.77,4403.35,10.1446,0.0001
4.78,4501.26,10.3702,0.98
4.79,4501.26,10.3702,0.0001
4.8,4505.32,10.3795,0.827124
4.81,4563.08,10.5126,0.0001
4.82,4562.88,10.5121,0.527568
4.83,4626.42,10.6585,0.0001
4.84,4623.64,10.6521,0.285731
4.85,4626.42,10.6585,0.0001
4.86,4606.38,10.6123,0.204963
4.87,4607.66,10.6153,0.0001
4.88,4345.94,10.0123,0.0001
4.89,4344.8,10.0097,0.0626729
4.9,3997.28,9.20908,0.98
4.91,3997.28,9.20908,0.0001
4.92,3841.57,8.85035,0.416695
4.93,3843.35,8.85443,0.98
4.94,3518.65,8.10639,0.0001
4.95,3516.3,8.10097,0.98
4.96,3470.54,7.99554,0.98
4.97,3470.41,7.99526,0.0325127
4.98,3568.88,8.22211,0.98
4.99,3568.88,8.22211,0.948161
5,3618.21,8.33575,0.98
5.01,3620.7,8.34148,0.0001
5.02,3620.56,8.34118,0.98
5.03,3331.67,7.67561,0.268971
5.04,3330.89,7.67382,0.98
5.05,3287.09,7.57292,0.98
5.06,3287.09,7.57292,0.98
5.07,3287.09,7.57292,0.98
5.08,3287.09,7.57292,0.98
5.09,3287.74,7.57442,0.98
5.1,3375.98,7.77771,0.98
5.11,3245.17,7.47634,0.98
5.12,3243.17,7.47173,0.379577
5.13,3138.73,7.23112,0.98
5.14,3139.32,7.23248,0.98
5.15,3162.36,7.28554,0.98
5.16,3164.16,7.28969,0.98
5.17,3122.76,7.19431,0.98
5.18,3123.34,7.19566,0.98
5.19,3328.12,7.66744,0.98
5.2,3294.57,7.59014,0.98
5.21,3243.8,7.47319,0.0001
5.22,3413.44,7.86399,0.98
5.23,3469.69,7.9936,0.98
5.24,3731.2,8.59608,0.98
5.25,3728.7,8.59031,0.98
5.26,3915.89,9.02156,0.796696
5.27,3918.96,9.02863,0.0001
5.28,3919.72,9.0304,0.98
5.29,3917.88,9.02615,0.0001
5.3,4251.16,9.79397,0.98
5.31,4252.24,9.79647,0.98
5.32,4363.57,10.053,0.0001
5.33,4367.38,10.0617,0.98
5.34,4363.95,10.0538,0.0001
5.35,4461.3,10.2781,0.98
5.36,4461.1,10.2776,0.461505
5.37,4628.99,10.6644,0.0001
5.38,4542.36,10.4648,0.846979
5.39,4523.04,10.4203,0.0001
5.4,4523.04,10.4203,0.939484
5.41,4326.01,9.96641,0.98
5.42,4326.01,9.96641,0.0001
5.43,4199.74,9.67551,0.98
5.44,4197.62,9.67063,0.0001
5.45,4179.03,9.62779,0.98
5.46,4181.3,9.63303,0.0335294
5.47,4235.49,9.75788,0.98
5.48,4234.24,9.75498,0.470719
5.49,4236.57,9.76036,0.0001
5.5,4320.03,9.95263,0.763537
5.51,4216.56,9.71426,0.459683
5.52,3787.02,8.72466,0.0001
5.53,3785.15,8.72037,0.98
5.54,3422.2,7.88417,0.98
5.55,3422.2,7.88417,0.0001
5.56,3162.26,7.28531,0.98
5.57,3161.66,7.28393,0.0001
5.58,3201.54,7.37581,0.98
5.59,3202.25,7.37746,0.729215
5.6,3200.92,7.37439,0.98
5.61,3421.49,7.88256,0.98
5.62,3422.2,7.88417,0.98
5.63,3421.38,7.88229,0.98
5.64,3673.9,8.46407,0.0001
5.65,3675.52,8.4678,0.98
5.66,3901.53,8.98847,0.0001
5.67,3902.44,8.99057,0.98
5.68,4045.63,9.32047,0.0001
5.69,4045.63,9.32047,0.98
5.7,4199.74,9.67551,0.0001
5.71,4197.62,9.67063,0.98
5.72,4437.74,10.2238,0.0001
5.73,4327.13,9.969,0.98
5.74,4399.86,10.1365,0.592232
5.75,4402.18,10.1419,0.0001
5.76,4402.18,10.1419,0.98
5.77,4481.09,10.3237,0.0001
5.78,4481.09,10.3237,0.98
5.79,4521.82,10.4175,0.0001
5.8,4519.37,10.4119,0.686914
5.81,4563.08,10.5126,0.0001
5.82,4564.33,10.5155,0.45214
5.83,4560.38,10.5064,0.0001
5.84,4633.28,10.6743,0.295129
5.85,4563.08,10.5126,0.0861336
5.86,4561.63,10.5092,0.0001
5.87,4310.9,9.93161,0.98
5.88,4046.78,9.32311,0.0001
5.89,3934.22,9.06379,0.98
5.9,3934.22,9.06379,0.0001
5.91,3468.97,7.99193,0.98
5.92,3468.25,7.99027,0.98
5.93,3330.23,7.67229,0.98
5.94,3330.23,7.67229,0.0001
5.95,3422.2,7.88417,0.98
5.96,3421.49,7.88256,0.845309
5.97,3569.64,8.22387,0.451227
5.98,3569.64,8.22387,0.98
5.99,3786.01,8.72235,0.0001
6,3782.58,8.71443,0.98
6.01,3903.35,8.99268,0.0001
6.02,3903.51,8.99303,0.98
6.03,3298.7,7.59965,0.0001
6.04,4029.5,9.28329,0.98
6.05,4163.72,9.59252,0.98
6.06,4163.72,9.59252,0.0001
6.07,4271.68,9.84124,0.0001
6.08,4273.87,9.84629,0.98
6.09,4273.87,9.84629,0.347194
6.1,4364.91,10.056,0.0001
6.11,4365.1,10.0565,0.87159
6.12,4367.38,10.0617,0.0001
6.13,4362.43,10.0503,0.74263
6.14,4363.76,10.0534,0.184862
6.15,4143.36,9.54562,0.371698
6.16,4147.48,9.55512,0.237014
6.17,4065.37,9.36594,0.273633
6.18,4061.08,9.35605,0.98
6.19,3681.48,8.48152,0.85577
6.2,3728.7,8.59031,0.545056
6.21,3730.37,8.59415,0.98
6.22,3331,7.67408,0.0001
6.23,3331,7.67408,0.98
6.24,3009.24,6.93279,0.864719
6.25,3009.96,6.93446,0.98
6.26,2871.5,6.61546,0.0001
6.27,2872.99,6.61888,0.98
6.28,3009.96,6.93446,0.566014
6.29,3009.87,6.93425,0.98
6.3,3202.87,7.37888,0.0001
6.31,3200.92,7.37439,0.98
6.32,3470.54,7.99554,0.0001
6.33,3467.53,7.98861,0.98
6.34,3672.02,8.45972,0.98
6.35,3674.71,8.46593,0.0001
6.36,3903.51,8.99303,0.0001
6.37,3903.51,8.99303,0.98
6.38,3901.68,8.98882,0.0001
6.39,3906.4,8.99971,0.98
6.4,4064.21,9.36328,0.898279
6.41,4062.23,9.35871,0.98
6.42,4216.38,9.71385,0.0001
6.43,4216.56,9.71426,0.98
6.44,4345.94,10.0123,0.0001
6.45,4343.67,10.0071,0.98
6.46,4421.84,10.1872,0.516391
6.47,4422.82,10.1894,0.0001
6.48,4481.09,10.3237,0.98
6.49,4423.02,10.1899,0.0001
6.5,4481.09,10.3237,0.765063
6.51,4519.16,10.4114,0.272692
6.52,4519.16,10.4114,0.0001
6.53,4562.88,10.5121,0.0001
6.54,4563.08,10.5126,0.286074
6.55,4459.91,10.2749,0.0001
6.56,4459.91,10.2749,0.284754
6.57,4046.62,9.32274,0.98
6.58,4045.8,9.32085,0.0001
6.59,3568.88,8.22211,0.286415
6.6,3570.41,8.22563,0.98
6.61,3202.25,7.37746,0.98
6.62,3139.32,7.23248,0.0001
6.63,3203.49,7.3803,0.98
6.64,3203.38,7.38006,0.98
6.65,3202.87,7.37888,0.98
6.66,3280.41,7.55752,0.98
6.67,3375.98,7.77771,0.98
6.68,3331,7.67408,0.759544
6.69,3330.89,7.67382,0.713248
6.7,3588.09,8.26636,0.98
6.71,3568.88,8.22211,0.98
6.72,3730.51,8.59447,0.0001
6.73,3729.53,8.59223,0.98
6.74,3843.35,8.85443,0.0001
6.75,3846.3,8.86124,0.98
6.76,3951.79,9.10427,0.0001
6.77,3949.76,9.09959,0.98
6.78,3947.89,9.09528,0.0001
6.79,4094.5,9.43305,0.98
6.8,4095.51,9.43537,0.98
6.81,4234.42,9.7554,0.98
6.82,4234.42,9.7554,0.0001
6.83,4341.22,10.0015,0.0001
6.84,4344.8,10.0097,0.98
6.85,4421.65,10.1867,0.0001
6.86,4421.65,10.1867,0.94855
6.87,4481.09,10.3237,0.0001
6.88,4481.09,10.3237,0.741421
6.89,4522.84,10.4199,0.0001
6.9,4521.61,10.417,0.544472
6.91,4518.96,10.4109,0.0001
6.92,4511.62,10.394,0.383434
6.93,4500.04,10.3674,0.0768702
6.94,4402.18,10.1419,0.291531
6.95,4403.54,10.145,0.238153
6.96,4402.18,10.1419,0.0693431
6.97,4272.77,9.84376,0.98
6.98,4270.4,9.8383,0.0001
6.99,3843.49,8.85477,0.98
7,3843.35,8.85443,0.0001
7.01,3330.34,7.67254,0.479629
7.02,3398.93,7.83058,0.98
7.03,3243.7,7.47295,0.98
7.04,3242.44,7.47004,0.0001
7.05,3375.19,7.77587,0.98
7.06,3376.67,7.77928,0.81231
7.07,3375.98,7.77771,0.0001
7.08,3569.77,8.22416,0.98
7.09,3567.35,8.21859,0.98
7.1,3673.9,8.46407,0.0001
7.11,3674.71,8.46593,0.98
7.12,3518.65,8.10639,0.0001
7.13,3518.65,8.10639,0.98
7.14,3570.54,8.22592,0.98
7.15,3568.88,8.22211,0.872734
7.16,3568.88,8.22211,0.89263
7.17,3569.64,8.22387,0.98
7.18,3568.88,8.22211,0.98
7.19,3846.15,8.8609,0.98
7.2,3846.15,8.8609,0.98
7.21,3844.38,8.85681,0.98
7.22,3997.12,9.20871,0.0001
7.23,3997.12,9.20871,0.98
7.24,4129.33,9.51329,0.795362
7.25,4129.33,9.51329,0.0001
7.26,4252.24,9.79647,0.98
7.27,4250.07,9.79147,0.0001
7.28,4344.8,10.0097,0.98
7.29,4344.8,10.0097,0.0001
7.3,4422.82,10.1894,0.0001
7.31,4421.65,10.1867,0.683788
7.32,4505.11,10.379,0.0001
7.33,4502.48,10.373,0.667875
7.34,4497.62,10.3618,0.0001
7.35,4501.46,10.3706,0.588952
7.36,4363.76,10.0534,0.102167
7.37,4367.38,10.0617,0.155048
7.38,4362.62,10.0508,0.0521544
7.39,4163.72,9.59252,0.98
7.4,4163.54,9.59212,0.0001
7.41,3843.49,8.85477,0.386063
7.42,3845.27,8.85886,0.98
7.43,3842.61,8.85273,0.0001
7.44,3448.87,7.94563,0.98
7.45,3376.67,7.77928,0.0001
7.46,3244.44,7.47464,0.98
7.47,3245.07,7.4761,0.0001
7.48,3330.23,7.67229,0.98
7.49,3331,7.67408,0.679971
7.5,3568.12,8.22035,0.98
7.51,3568.12,8.22035,0.359346
7.52,3567.22,8.21829,0.0001
7.53,3728.7,8.59031,0.98
7.54,3727.73,8.58807,0.98
7.55,3786.16,8.72268,0.0001
7.56,3786.16,8.72268,0.98
7.57,3903.51,8.99303,0.98
7.58,3902.59,8.99092,0.385592
7.59,4168.06,9.60251,0.0001
7.6,4032.42,9.29003,0.98
7.61,4112.18,9.47378,0.0001
7.62,4112.35,9.47417,0.98
7.63,4112.35,9.47417,0.0001
7.64,3997.12,9.20871,0.98
7.65,3997.12,9.20871,0.504803
7.66,3996.32,9.20687,0.98
7.67,3997.12,9.20871,0.326821
7.68,3997.12,9.20871,0.98
7.69,3997.12,9.20871,0.760173
7.7,3997.12,9.20871,0.835041
7.71,4012.2,9.24344,0.808052
7.72,3841.57,8.85035,0.811833
7.73,3842.46,8.85239,0.577479
7.74,3673.77,8.46376,0.98
7.75,3672.29,8.46034,0.258415
7.76,3568.88,8.22211,0.98
7.77,3571.3,8.22769,0.481732
7.78,3566.46,8.21654,0.98
7.79,3424.42,7.8893,0.852554
7.8,3422.2,7.88417,0.98
7.81,3162.26,7.28531,0.98
7.82,3162.96,7.28693,0.98
7.83,3202.87,7.37888,0.98
7.84,3309.61,7.6248,0.85465
7.85,3377.35,7.78086,0.98
7.86,3375.87,7.77744,0.98
7.87,3568.12,8.22035,0.0001
7.88,3571.3,8.22769,0.98
7.89,3726.06,8.58423,0.98
7.9,3731.34,8.5964,0.0001
7.91,3904.42,8.99514,0.0779069
7.92,3906.4,8.99971,0.98
7.93,4047.76,9.32538,0.0001
7.94,4045.63,9.32047,0.98
7.95,4045.8,9.32085,0.0001
7.96,4182.18,9.63504,0.98
7.97,4184.45,9.64028,0.841041
7.98,4288.9,9.88092,0.0001
7.99,4287.61,9.87795,0.98
8,4362.43,10.0503,0.653427
8.01,4367.38,10.0617,0.0001
8.02,4366.24,10.0591,0.0001
8.03,4364.91,10.056,0.720476
8.04,4362.43,10.0503,0.393425
8.05,4386.54,10.1059,0.574502
8.06,4382.89,10.0975,0.501792
8.07,4401.02,10.1392,0.102302
8.08,4403.35,10.1446,0.580905
8.09,4326.01,9.96641,0.364001
8.1,4322.46,9.95822,0.0959863
8.11,4045.63,9.32047,0.98
8.12,4047.76,9.32538,0.137131
8.13,3519.39,8.1081,0.511978
8.14,3520.26,8.11009,0.98
8.15,2938.5,6.76981,0.98
8.16,2939.1,6.7712,0.0001
8.17,2449.18,5.6425,0.98
8.18,2379.59,5.48219,0.0001
8.19,2425.42,5.58776,0.98
8.2,2425.42,5.58776,0.686445
8.21,2425.36,5.58763,0.98
8.22,2686.66,6.18961,0.98
8.23,2686.22,6.18861,0.98
8.24,3009.87,6.93425,0.98
8.25,3009.87,6.93425,0.0001
8.26,3330.89,7.67382,0.0001
8.27,3331.67,7.67561,0.98
8.28,3332.33,7.67715,0.98
8.29,3620.56,8.34118,0.0001
8.3,3618.21,8.33575,0.98
8.31,3905.49,8.9976,0.0001
8.32,3818.54,8.79729,0.98
8.33,4046.78,9.32311,0.0001
8.34,4044.65,9.31821,0.98
8.35,4182.18,9.63504,0.0001
8.36,4180.08,9.63021,0.98
8.37,4288.9,9.88092,0.0001
8.38,4288.9,9.88092,0.98
8.39,4381.74,10.0948,0.98
8.4,4382.89,10.0975,0.0001
8.41,4381.74,10.0948,0.0604496
8.42,4437.74,10.2238,0.98
8.43,4442.67,10.2352,0.817163
8.44,4481.09,10.3237,0.873258
8.45,4482.29,10.3265,0.0001
8.46,4481.09,10.3237,0.413667
8.47,4481.09,10.3237,0.733933
8.48,4482.5,10.3269,0.625672
8.49,4638.43,10.6862,0.648881
8.5,4462.49,10.2808,0.597865
8.51,4459.91,10.2749,0.0001
8.52,4329.38,9.97417,0.98
8.53,4355.4,10.0341,0.0001
8.54,4326.01,9.96641,0.98
8.55,4146.45,9.55274,0.0001
8.56,4146.45,9.55274,0.98
8.57,4112.18,9.47378,0.98
8.58,4112.35,9.47417,0.203137
8.59,4145.42,9.55037,0.98
8.6,4144.22,9.54759,0.710421
8.61,4078.8,9.39689,0.472825
8.62,4128.14,9.51055,0.98
8.63,4127.12,9.50819,0.98
8.64,3843.35,8.85443,0.0001
8.65,3842.61,8.85273,0.98
8.66,3518.65,8.10639,0.98
8.67,3517.78,8.10439,0.0702389
8.68,3517.78,8.10439,0.98
8.69,3520.14,8.10981,0.20817
8.7,3518.65,8.10639,0.98
8.71,3518.65,8.10639,0.98
8.72,3204.1,7.38172,0.98
8.73,3203.49,7.3803,0.98
8.74,3202.77,7.37865,0.98
8.75,2939.62,6.7724,0.842916
8.76,2939.02,6.77101,0.98
8.77,3008.24,6.93049,0.98
8.78,3008.79,6.93174,0.98
8.79,3245.07,7.4761,0.98
8.8,3243.8,7.47319,0.98
8.81,3470.41,7.99526,0.0001
8.82,3469.69,7.9936,0.98
8.83,3731.2,8.59608,0.0001
8.84,3728.7,8.59031,0.98
8.85,3903.51,8.99303,0.0001
8.86,3902.59,8.99092,0.98
8.87,3904.42,8.99514,0.98
8.88,4060.09,9.35377,0.0001
8.89,4061.08,9.35605,0.98
8.9,4197.62,9.67063,0.98
8.91,4195.51,9.66576,0.0001
8.92,4287.8,9.87838,0.98
8.93,4209.82,9.69872,0.0001
8.94,4384.04,10.1001,0.371117
8.95,4382.89,10.0975,0.98
8.96,4391.36,10.117,0.0001
8.97,4442.67,10.2352,0.98
8.98,4500.04,10.3674,0.457357
8.99,4501.46,10.3706,0.153387
9,4501.26,10.3702,0.912295
9.01,4522.84,10.4199,0.0001
9.02,4521.61,10.417,0.879753
9.03,4539.68,10.4587,0.511454
9.04,4539.68,10.4587,0.285051
9.05,4481.09,10.3237,0.324426
9.06,4478.68,10.3181,0.52593
9.07,4043.67,9.31595,0.434501
9.08,4045.63,9.32047,0.98
9.09,4241.06,9.77071,0.98
9.1,3672.15,8.46003,0.0001
9.11,3569.77,8.22416,0.0001
9.12,3245.07,7.4761,0.98
9.13,3244.44,7.47464,0.0001
9.14,3204.72,7.38314,0.98
9.15,3202.87,7.37888,0.0830464
9.16,3375.3,7.77613,0.98
9.17,3377.35,7.78086,0.98
9.18,3471.98,7.99887,0.98
9.19,3469.81,7.99387,0.0001
9.2,3287.09,7.57292,0.98
9.21,3286.45,7.57143,0.98
9.22,3226.12,7.43244,0.98
9.23,3330.89,7.67382,0.98
9.24,3328.89,7.66922,0.98
9.25,3332.33,7.67715,0.731791
9.26,3330.89,7.67382,0.98
9.27,3730.51,8.59447,0.98
9.28,3727.87,8.58839,0.98
9.29,3729.53,8.59223,0.0001
9.3,3906.25,8.99935,0.98
9.31,3904.42,8.99514,0.98
9.32,4045.63,9.32047,0.98
9.33,4071.5,9.38005,0.0001
9.34,4163.72,9.59252,0.98
9.35,4163.72,9.59252,0.0001
9.36,4270.58,9.83872,0.724799
9.37,4270.58,9.83872,0.98
9.38,4363.76,10.0534,0.0001
9.39,4362.43,10.0503,0.98
9.4,4423.02,10.1899,0.0001
9.41,4424,10.1922,0.98
9.42,4481.09,10.3237,0.786795
9.43,4481.29,10.3242,0.0001
9.44,4501.26,10.3702,0.146963
9.45,4500.04,10.3674,0.855
9.46,4521.82,10.4175,0.312942
9.47,4525.5,10.426,0.736136
9.48,4542.36,10.4648,0.232722
9.49,4543.39,10.4672,0.593242
9.5,4539.68,10.4587,0.504203
9.51,4481.09,10.3237,0.229684
9.52,4481.29,10.3242,0.579817
9.53,4369.67,10.067,0.98
9.54,4287.8,9.87838,0.251401
9.55,4291.11,9.88601,0.98
9.56,3981.21,9.17205,0.98
9.57,3981.21,9.17205,0.437311
9.58,3728.7,8.59031,0.98
9.59,3727.73,8.58807,0.0001
9.6,3376.67,7.77928,0.98
9.61,3376.67,7.77928,0.229036
9.62,3375.98,7.77771,0.98
9.63,3375.19,7.77587,0.98
9.64,3423.72,7.88768,0.452741
9.65,3422.2,7.88417,0.98
9.66,3287.74,7.57442,0.98
9.67,3287.09,7.57292,0.98
9.68,3375.87,7.77744,0.98
9.69,3376.55,7.77902,0.98
9.7,3518.65,8.10639,0.98
9.71,3518.65,8.10639,0.727296
9.72,3520.88,8.11152,0.284508
9.73,3729.53,8.59223,0.98
9.74,3727.73,8.58807,0.98
9.75,3903.51,8.99303,0.0001
9.76,3829.66,8.8229,0.98
9.77,3904.42,8.99514,0.0001
9.78,3903.51,8.99303,0.98
9.79,3900.61,8.98637,0.0001
9.8,3997.12,9.20871,0.98
9.81,3859.22,8.891,0.98
9.82,4035.51,9.29715,0.0001
9.83,4112.18,9.47378,0.98
9.84,4112.35,9.47417,0.98
9.85,4214.08,9.70853,0.98
9.86,4217.45,9.71631,0.98
9.87,4307.37,9.92348,0.98
9.88,4308.49,9.92604,0.0001
9.89,4386.35,10.1054,0.0001
9.9,4382.7,10.097,0.98
9.91,4442.67,10.2352,0.756224
9.92,4439.91,10.2288,0.0001
9.93,4501.26,10.3702,0.98
9.94,4497.41,10.3613,0.0001
9.95,4523.04,10.4203,0.858572
9.96,4521.82,10.4175,0.0001
9.97,4563.08,10.5126,0.809747
9.98,4562.88,10.5121,0.0001
9.99,4584,10.5608,0.0001
10,4583.79,10.5603,0.449825
10.01,4584,10.5608,0.0001
10.02,4601.09,10.6001,0.347504
10.03,4604.9,10.6089,0.184678
10.04,4607.87,10.6158,0.0001
10.05,4627.92,10.662,0.156491
10.06,4626.42,10.6585,0.110303
10.07,4646.62,10.7051,0.0001
10.08,4647.92,10.708,0.151451
10.09,4607.66,10.6153,0.0001
10.1,4603.84,10.6065,0.0300068
10.11,4181.13,9.63262,0.512885
10.12,4177.98,9.62538,0.0001
10.13,3622.27,8.34511,0.98
10.14,3618.99,8.33756,0.0001
10.15,3046.09,7.01768,0.98
10.16,3048.32,7.02282,0.0001
10.17,2973.45,6.85033,0.98
10.18,2974.07,6.85176,0.0001
10.19,3012.14,6.93947,0.98
10.2,3233.21,7.44879,0.98
10.21,3121,7.19027,0.98
10.22,3375.3,7.77613,0.98
10.23,3375.98,7.77771,0.505804
10.24,3620.56,8.34118,0.98
10.25,3619.91,8.33967,0.0001
10.26,3844.38,8.85681,0.0001
10.27,3844.38,8.85681,0.98
10.28,3785.15,8.72037,0.0001
10.29,3784.3,8.71839,0.98
10.3,3785.15,8.72037,0.98
10.31,3843.49,8.85477,0.98
10.32,3841.57,8.85035,0.98
10.33,3949.76,9.09959,0.407477
10.34,3949.92,9.09995,0.98
10.35,4062.23,9.35871,0.0001
10.36,4061.24,9.35643,0.98
10.37,4181.13,9.63262,0.0001
10.38,4180.08,9.63021,0.98
10.39,4393.67,10.1223,0.780554
10.4,4270.4,9.8383,0.0001
10.41,4271.5,9.84082,0.98
10.42,4279.72,9.85977,0.0001
10.43,4326.01,9.96641,0.98
10.44,4303.67,9.91494,0.366547
10.45,4307.37,9.92348,0.0001
10.46,4323.58,9.96081,0.98
10.47,4326.01,9.96641,0.383063
10.48,4326.01,9.96641,0.501927
10.49,4326.01,9.96641,0.250786
10.5,4344.61,10.0093,0.488447
10.51,4341.22,10.0015,0.42924
10.52,4045.63,9.32047,0.42688
10.53,4045.8,9.32085,0.124891
10.54,4042.53,9.31331,0.49781
10.55,4045.63,9.32047,0.98
10.56,4046.78,9.32311,0.0001
10.57,3548.24,8.17455,0.98
10.58,3310.93,7.62783,0.593065
10.59,3245.17,7.47634,0.755715
10.6,3245.07,7.4761,0.98
10.61,3047.2,7.02025,0.0001
10.62,3045.99,7.01747,0.98
10.63,3191.93,7.35368,0.98
10.64,3121,7.19027,0.98
10.65,3330.23,7.67229,0.154398
10.66,3290.45,7.58065,0.98
10.67,3566.46,8.21654,0.98
10.68,3568.12,8.22035,0.0001
10.69,3787.02,8.72466,0.98
10.7,3785.15,8.72037,0.0001
10.71,3981.21,9.17205,0.0001
10.72,3981.37,9.17241,0.98
10.73,4149.72,9.56027,0.98
10.74,4323.58,9.96081,0.0001
10.75,4206.45,9.69097,0.0001
10.76,4270.58,9.83872,0.0001
10.77,4270.58,9.83872,0.98
10.78,4381.54,10.0944,0.0882371
10.79,4382.89,10.0975,0.0001
10.8,4464.88,10.2864,0.0001
10.81,4461.1,10.2776,0.870943
10.82,4459.91,10.2749,0.353333
10.83,4521.82,10.4175,0.0001
10.84,4520.59,10.4147,0.665444
10.85,4481.09,10.3237,0.209973
10.86,4479.89,10.3209,0.0001
10.87,4198.86,9.67347,0.98
10.88,4195.33,9.66536,0.0001
10.89,3981.21,9.17205,0.288316
10.9,3980.26,9.16986,0.98
10.91,3966.37,9.13785,0.98
10.92,3962.44,9.1288,0.284447
10.93,4029.33,9.28292,0.98
10.94,4029.33,9.28292,0.717993
10.95,4045.8,9.32085,0.913903
10.96,4048.75,9.32764,0.0001
10.97,2129.2,4.90532,0.772554
10.98,3844.38,8.85681,0.644646
10.99,3843.49,8.85477,0.98
11,3729.53,8.59223,0.0001
11.01,3731.34,8.5964,0.0001
11.02,3729.53,8.59223,0.98
11.03,3726.06,8.58423,0.875502
11.04,3900.61,8.98637,0.98
11.05,3902.44,8.99057,0.98
11.06,3997.12,9.20871,0.0001
11.07,3998.08,9.21092,0.98
11.08,3996.32,9.20687,0.0001
11.09,4112.18,9.47378,0.98
11.1,4110.15,9.46911,0.805426
11.11,4217.63,9.71672,0.0001
11.12,4214.08,9.70853,0.98
11.13,4288.9,9.88092,0.0001
11.14,4288.72,9.88049,0.98
11.15,4288.9,9.88092,0.0001
11.16,4286.51,9.87541,0.828521
11.17,4288.72,9.88049,0.35994
11.18,4367.38,10.0617,0.521807
11.19,4324.7,9.96339,0.388799
11.2,4288.9,9.88092,0.440329
11.21,4286.51,9.87541,0.0001
11.22,3881.84,8.94311,0.501155
11.23,3981.21,9.17205,0.867021
11.24,3983.27,9.1768,0.98
11.25,3673.77,8.46376,0.0001
11.26,3568.88,8.22211,0.0001
11.27,3568.12,8.22035,0.98
11.28,3623.06,8.34692,0.98
11.29,3620.56,8.34118,0.98
11.3,3622.27,8.34511,0.98
11.31,3727.87,8.58839,0.546746
11.32,3728.7,8.59031,0.98
11.33,3903.51,8.99303,0.0001
11.34,3903.51,8.99303,0.98
11.35,3893.93,8.97097,0.98
11.36,4045.8,9.32085,0.0001
11.37,4045.63,9.32047,0.98
11.38,4180.08,9.63021,0.705792
11.39,4181.13,9.63262,0.0001
11.4,4288.72,9.88049,0.98
11.41,4286.51,9.87541,0.0001
11.42,4381.74,10.0948,0.0001
11.43,4386.54,10.1059,0.681101
11.44,4461.3,10.2781,0.358347
11.45,4464.88,10.2864,0.0001
11.46,4501.26,10.3702,0.0001
11.47,4501.46,10.3706,0.316494
11.48,4424.19,10.1926,0.0001
11.49,4421.65,10.1867,0.215706
11.5,4420.48,10.184,0.0001
11.51,4308.49,9.92604,0.98
11.52,4306.08,9.92049,0.0001
11.53,4045.63,9.32047,0.98
11.54,4045.63,9.32047,0.0001
11.55,3981.21,9.17205,0.98
11.56,3984.22,9.17899,0.0001
11.57,4044.65,9.31821,0.98
11.58,4044.65,9.31821,0.16266
11.59,4045.8,9.32085,0.700956
11.6,4042.69,9.31369,0.0001
11.61,4045.8,9.32085,0.7541
11.62,4252.24,9.79647,0.433792
11.63,4248.81,9.78856,0.450312
11.64,4348.39,10.018,0.0001
11.65,4344.61,10.0093,0.98
11.66,4345.94,10.0123,0.0001
11.67,4307.37,9.92348,0.0001
11.68,4307.19,9.92305,0.387713
11.69,4078.8,9.39689,0.49016
11.7,4078.64,9.3965,0.0001
11.71,4013.32,9.24604,0.98
11.72,4010.11,9.23862,0.0001
11.73,4063.22,9.361,0.60913
11.74,4062.07,9.35833,0.98
11.75,4162.68,9.59012,0.0001
11.76,4163.72,9.59252,0.622152
11.77,4165.97,9.59771,0.0001
11.78,4270.4,9.8383,0.605397
11.79,4271.68,9.84124,0.00142686
11.8,4367.38,10.0617,0.0001
11.81,4366.05,10.0587,0.408331
11.82,4440.1,10.2293,0.0001
11.83,4443.85,10.2379,0.286667
11.84,4440.1,10.2293,0.0001
11.85,4441.48,10.2324,0.00532258
11.86,4441.48,10.2324,0.0001
11.87,4146.62,9.55314,0.0001
11.88,4145.42,9.55037,0.0001
11.89,3785.3,8.7207,0.0001
11.9,3784.3,8.71839,0.98
11.91,3518.65,8.10639,0.0001
11.92,3517.78,8.10439,0.98
11.93,3245.17,7.47634,0.98
11.94,3083.66,7.10424,0.184294
11.95,3046.64,7.01896,0.98
11.96,3008.79,6.93174,0.000764546
11.97,3009.96,6.93446,0.98
11.98,3162.36,7.28554,0.575956
11.99,3160.56,7.2814,0.98
12,3422.2,7.88417,0.0001
12.01,3422.9,7.88579,0.98
12.02,3620.56,8.34118,0.0001
12.03,3620.56,8.34118,0.98
12.04,3674.71,8.46593,0.0001
12.05,3673.9,8.46407,0.98
12.06,3786.16,8.72268,0.0001
12.07,3785.3,8.7207,0.98
12.08,3917.88,9.02615,0.803256
12.09,3919.72,9.0304,0.0001
12.1,3919.72,9.0304,0.0001
12.11,3918.8,9.02827,0.98
12.12,3916.81,9.02368,0.476626
12.13,4198.68,9.67307,0.644351
12.14,4198.68,9.67307,0.580646
12.15,4288.9,9.88092,0.0001
12.16,4287.61,9.87795,0.98
12.17,4286.51,9.87541,0.0001
12.18,4146.45,9.55274,0.584837
12.19,4146.45,9.55274,0.0001
12.2,3935.15,9.06593,0.98
12.21,3934.22,9.06379,0.0001
12.22,3919.88,9.03075,0.401313
12.23,3968.41,9.14256,0.98
12.24,3997.12,9.20871,0.0001
12.25,3997.28,9.20908,0.226941
12.26,4112.35,9.47417,0.499234
12.27,4113.36,9.47651,0.0001
12.28,4195.51,9.66576,0.0001
12.29,4198.68,9.67307,0.664799
12.3,3963.38,9.13097,0.0969346
12.31,3965.42,9.13568,0.0001
12.32,3905.33,8.99725,0.98
12.33,3905.49,8.9976,0.0001
12.34,3903.51,8.99303,0.733969
12.35,3842.61,8.85273,0.98
12.36,3843.35,8.85443,0.280676
12.37,3846.15,8.8609,0.98
12.38,3843.35,8.85443,0.270751
12.39,3902.44,8.99057,0.599344
12.4,3905.33,8.99725,0.540927
12.41,3902.59,8.99092,0.0001
12.42,3903.51,8.99303,0.675362
12.43,3728.7,8.59031,0.463671
12.44,3729.53,8.59223,0.476885
12.45,3568.88,8.22211,0.98
12.46,3567.22,8.21829,0.0001
12.47,3422.31,7.88444,0.98
12.48,3422.31,7.88444,0.230166
12.49,3331,7.67408,0.98
12.5,3330.89,7.67382,0.98
12.51,3376.67,7.77928,0.98
12.52,3375.19,7.77587,0.98
12.53,3245.07,7.4761,0.702959
12.54,3244.33,7.4744,0.98
12.55,3242.44,7.47004,0.98
12.56,3331.67,7.67561,0.98
12.57,3403.33,7.84071,0.98
12.58,3518.65,8.10639,0.363953
12.59,3520.14,8.10981,0.70307
12.6,3728.7,8.59031,0.0001
12.61,3728.7,8.59031,0.98
12.62,3903.66,8.99338,0.0001
12.63,3904.42,8.99514,0.98
12.64,3904.57,8.99549,0.733504
12.65,3996.16,9.2065,0.0001
12.66,3997.12,9.20871,0.98
12.67,4112.18,9.47378,0.0001
12.68,4111.33,9.47184,0.98
12.69,4130.52,9.51604,0.0001
12.7,4126.09,9.50584,0.98
12.71,4198.68,9.67307,0.337862
12.72,4197.8,9.67104,0.318385
12.73,4271.68,9.84124,0.0001
12.74,4270.4,9.8383,0.651411
12.75,4198.68,9.67307,0.0001
12.76,4270.58,9.83872,0.59433
12.77,4029.5,9.28329,0.98
12.78,4029.33,9.28292,0.0001
12.79,3764.78,8.67342,0.588693
12.8,3843.35,8.85443,0.98
12.81,3846.3,8.86124,0.98
12.82,3621.48,8.3433,0.0325121
12.83,3623.06,8.34692,0.0001
12.84,3675.52,8.4678,0.98
12.85,3673.9,8.46407,0.0276961
12.86,3726.06,8.58423,0.551032
12.87,3727.87,8.58839,0.98
12.88,3568.88,8.22211,0.172638
12.89,3568.88,8.22211,0.98
12.9,3594.54,8.28122,0.98
12.91,3569.01,8.2224,0.525318
12.92,3568.88,8.22211,0.98
12.93,3727.87,8.58839,0.98
12.94,3729.53,8.59223,0.98
12.95,3904.42,8.99514,0.0001
12.96,3903.51,8.99303,0.98
12.97,3937.16,9.07057,0.833447
12.98,4045.8,9.32085,0.0001
12.99,4198.68,9.67307,0.98
13,4198.68,9.67307,0.691287
13.01,2783.5,6.41272,0.0001
13.02,4324.89,9.96382,0.98
13.03,4382.89,10.0975,0.98
13.04,4381.74,10.0948,0.0001
13.05,4382.89,10.0975,0.0001
13.06,4344.8,10.0097,0.98
13.07,4344.61,10.0093,0.0001
13.08,4344.8,10.0097,0.98
13.09,4345.94,10.0123,0.0001
13.1,4402.18,10.1419,0.312157
13.11,4402.18,10.1419,0.14633
13.12,4481.29,10.3242,0.0001
13.13,4481.09,10.3237,0.318765
13.14,4501.26,10.3702,0.0001
13.15,4500.04,10.3674,0.301149
13.16,4500.04,10.3674,0.0001
13.17,4180.08,9.63021,0.0001
13.18,4181.3,9.63303,0.0001
13.19,3785.15,8.72037,0.98
13.2,3783.44,8.71641,0.0001
13.21,3786.16,8.72268,0.634641
13.22,3673.77,8.46376,0.98
13.23,3674.71,8.46593,0.0001
13.24,3787.02,8.72466,0.98
13.25,3785.15,8.72037,0.282379
13.26,3903.51,8.99303,0.98
13.27,3901.68,8.98882,0.0001
13.28,3981.21,9.17205,0.98
13.29,3981.21,9.17205,0.0001
13.3,3846.15,8.8609,0.98
13.31,3785.15,8.72037,0.0001
13.32,3784.3,8.71839,0.98
13.33,3784.3,8.71839,0.938158
13.34,3784.3,8.71839,0.740802
13.35,3901.53,8.98847,0.794715
13.36,3902.59,8.99092,0.784328
13.37,4014.13,9.24789,0.0001
13.38,4013.16,9.24566,0.98
13.39,4045.63,9.32047,0.0001
13.4,4045.8,9.32085,0.98
13.41,4045.63,9.32047,0.0001
13.42,4030.31,9.28516,0.622797
13.43,4029.33,9.28292,0.383377
13.44,4095.51,9.43537,0.446777
13.45,4094.33,9.43267,0.653576
13.46,4164.76,9.59491,0.392924
13.47,4265.85,9.82781,0.0001
13.48,4014.29,9.24826,0.0001
13.49,4013.32,9.24604,0.0001
13.5,3906.4,8.99971,0.98
13.51,3905.49,8.9976,0.0001
13.52,3918.8,9.02827,0.768092
13.53,3918.03,9.0265,0.98
13.54,4044.65,9.31821,0.0001
13.55,4042.69,9.31369,0.733187
13.56,4181.13,9.63262,0.480701
13.57,4181.13,9.63262,0.0001
13.58,4181.13,9.63262,0.889855
13.59,4270.4,9.8383,0.0001
13.6,4270.58,9.83872,0.805757
13.61,4252.42,9.79688,0.0001
13.62,4253.33,9.79896,0.0001
13.63,4231.91,9.74962,0.661772
13.64,4234.24,9.75498,0.0001
13.65,4216.38,9.71385,0.409459
13.66,4218.7,9.71918,0.0001
13.67,4216.56,9.71426,0.0676904
13.68,4269.49,9.8362,0.27143
13.69,4269.31,9.83578,0.0001
13.7,4163.72,9.59252,0.0353121
13.71,4163.72,9.59252,0.0001
13.72,3846.3,8.86124,0.143154
13.73,3845.27,8.85886,0.98
13.74,3727.87,8.58839,0.0001
13.75,3728.7,8.59031,0.98
13.76,3843.35,8.85443,0.846485
13.77,3843.35,8.85443,0.507346
13.78,3968.41,9.14256,0.0001
13.79,3965.42,9.13568,0.929485
13.8,4065.37,9.36594,0.316225
13.81,4063.06,9.36062,0.0001
13.82,3981.21,9.17205,0.0001
13.83,3981.21,9.17205,0.469456
13.84,3982.16,9.17424,0.98
13.85,4014.29,9.24826,0.0001
13.86,4012.2,9.24344,0.344474
13.87,4114.38,9.47885,0.0001
13.88,4112.35,9.47417,0.356133
13.89,4199.92,9.67591,0.0001
13.9,4200.97,9.67835,0.505383
13.91,3997.12,9.20871,0.0001
13.92,3997.28,9.20908,0.32546
13.93,3997.28,9.20908,0.0001
13.94,3995.21,9.20429,0.98
13.95,3997.12,9.20871,0.0001
13.96,3422.2,7.88417,0.470735
13.97,3422.2,7.88417,0.0594525
13.98,3287.09,7.57292,0.205206
13.99,3287.09,7.57292,0.98
14,3330.89,7.67382,0.0001
14.01,3331,7.67408,0.98
14.02,3161.66,7.28393,0.0001
14.03,3161.06,7.28255,0.98
14.04,3161.66,7.28393,0.98
14.05,3161.66,7.28393,0.98
14.06,3160.46,7.28117,0.675809
14.07,3376.67,7.77928,0.98
14.08,3375.98,7.77771,0.98
14.09,3569.01,8.2224,0.0001
14.1,3571.3,8.22769,0.98
14.11,3673.77,8.46376,0.98
14.12,3674.71,8.46593,0.0001
14.13,3756.72,8.65485,0.221727
14.14,3843.49,8.85477,0.98
14.15,3843.35,8.85443,0.0001
14.16,3997.12,9.20871,0.98
14.17,3996.16,9.2065,0.0001
14.18,4161.46,9.58733,0.0001
14.19,4160.43,9.58493,0.98
14.2,4164.76,9.59491,0.351996
14.21,4165.97,9.59771,0.0001
14.22,4306.08,9.92049,0.947672
14.23,4440.1,10.2293,0.0001
14.24,4441.29,10.232,0.0001
14.25,4544.83,10.4705,0.0001
14.26,4542.36,10.4648,0.248611
14.27,4542.15,10.4644,0.0001
14.28,4584,10.5608,0.0001
14.29,4584,10.5608,0.0722782
14.3,4646.62,10.7051,0.0001
14.31,4647.92,10.708,0.0001
14.32,4582.53,10.5574,0.0001
14.33,4582.74,10.5579,0.0001
14.34,4583.79,10.5603,0.0001
14.35,4287.61,9.87795,0.275552
14.36,4288.9,9.88092,0.0001
14.37,4280.82,9.86231,0.98
14.38,4165.97,9.59771,0.0001
14.39,4165.8,9.59731,0.268582
14.4,3841.57,8.85035,0.98
14.41,3841.57,8.85035,0.0001
14.42,3785.3,8.7207,0.98
14.43,3785.15,8.72037,0.0001
14.44,3618.08,8.33545,0.7317
14.45,3619.78,8.33937,0.98
14.46,3618.99,8.33756,0.98
14.47,3620.7,8.34148,0.0001
14.48,3620.56,8.34118,0.806294
14.49,3673.09,8.4622,0.555529
14.5,3783.29,8.71608,0.670075
14.51,3787.88,8.72665,0.0001
14.52,3900.61,8.98637,0.0001
14.53,3905.33,8.99725,0.783084
14.54,3903.51,8.99303,0.0001
14.55,3934.22,9.06379,0.741866
14.56,3935.15,9.06593,0.199981
14.57,4045.63,9.32047,0.0001
14.58,4046.62,9.32274,0.371062
14.59,4146.45,9.55274,0.0001
14.6,4146.45,9.55274,0.573822
14.61,3984.22,9.17899,0.0001
14.62,3901.53,8.98847,0.431682
14.63,3570.54,8.22592,0.98
14.64,3569.01,8.2224,0.786157
14.65,3568.88,8.22211,0.98
14.66,3330.34,7.67254,0.0001
14.67,3330.89,7.67382,0.98
14.68,3122.76,7.19431,0.98
14.69,3122.76,7.19431,0.104902
14.7,3162.86,7.2867,0.98
14.71,3162.96,7.28693,0.432489
14.72,3162.26,7.28531,0.98
14.73,3160.96,7.28232,0.98
14.74,3162.96,7.28693,0.98
14.75,2871.01,6.61432,0.98
14.76,2871.42,6.61527,0.98
14.77,2657.24,6.12185,0.98
14.78,2657.67,6.12282,0.98
14.79,2806.94,6.46672,0.98
14.8,2806.94,6.46672,0.98
14.81,2806.94,6.46672,0.20967
14.82,3084.23,7.10556,0.98
14.83,3085.47,7.10841,0.98
14.84,3397.43,7.82712,0.98
14.85,3331,7.67408,0.0001
14.86,3287.74,7.57442,0.98
14.87,3287.2,7.57317,0.0001
14.88,3423.02,7.88606,0.98
14.89,3419.97,7.87905,0.98
14.9,3421.49,7.88256,0.0001
14.91,3619.78,8.33937,0.98
14.92,3618.08,8.33545,0.98
14.93,3903.51,8.99303,0.98
14.94,3901.68,8.98882,0.0001
14.95,4063.22,9.361,0.0001
14.96,4062.23,9.35871,0.98
14.97,4234.42,9.7554,0.0001
14.98,4234.42,9.7554,0.98
14.99,4236.57,9.76036,0.0001
15,4381.93,10.0952,0.98
15.01,4382.89,10.0975,0.341921
15.02,4481.09,10.3237,0.680668
15.03,4478.68,10.3181,0.0001
15.04,4481.29,10.3242,0.98
15.05,4441.48,10.2324,0.0001
15.06,4442.47,10.2347,0.717412
15.07,4198.68,9.67307,0.609251
15.08,4198.68,9.67307,0.0987487
15.09,4128.31,9.51094,0.98
15.1,4131.55,9.5184,0.0001
15.11,4014.13,9.24789,0.98
15.12,4013.16,9.24566,0.141085
15.13,3729.53,8.59223,0.98
15.14,3729.53,8.59223,0.197819
15.15,3547.48,8.17281,0.98
15.16,3572.83,8.23121,0.0001
15.17,3620.56,8.34118,0.98
15.18,3287.09,7.57292,0.0806696
15.19,3289.15,7.57766,0.968061
15.2,2904.95,6.69252,0.98
15.21,2904.95,6.69252,0.268481
15.22,2872.08,6.61679,0.98
15.23,2872.08,6.61679,0.98
15.24,2776.24,6.39599,0.731238
15.25,2686.29,6.18878,0.98
15.26,2686.22,6.18861,0.98
15.27,2775.31,6.39386,0.98
15.28,2776.78,6.39723,0.98
15.29,3045.44,7.01619,0.98
15.3,3045.99,7.01747,0.98
15.31,3375.3,7.77613,0.98
15.32,3375.3,7.77613,0.0001
15.33,3672.96,8.46189,0.98
15.34,3673.9,8.46407,0.0001
15.35,3992.18,9.19731,0.0001
15.36,3918.8,9.02827,0.98
15.37,3917.88,9.02615,0.0001
15.38,4130.52,9.51604,0.98
15.39,4126.26,9.50623,0.700401
15.4,4306.08,9.92049,0.98
15.41,4307.37,9.92348,0.0001
15.42,4441.29,10.232,0.98
15.43,4441.29,10.232,0.0001
15.44,4421.65,10.1867,0.98
15.45,4423.02,10.1899,0.0001
15.46,4441.29,10.232,0.98
15.47,4533.3,10.444,0.742914
15.48,4443.85,10.2379,0.643773
15.49,4502.68,10.3734,0.0001
15.5,4502.48,10.373,0.98
15.51,4542.15,10.4644,0.0001
15.52,4542.15,10.4644,0.876955
15.53,4542.15,10.4644,0.0001
15.54,4481.09,10.3237,0.580309
15.55,4481.09,10.3237,0.293378
15.56,4481.09,10.3237,0.98
15.57,4481.09,10.3237,0.126979
15.58,4501.26,10.3702,0.446444
15.59,4500.04,10.3674,0.322208
15.6,4233.16,9.75251,0.332008
15.61,4056.14,9.34467,0.0135758
15.62,4200.97,9.67835,0.98
15.63,3673.9,8.46407,0.98
15.64,3673.9,8.46407,0.0001
15.65,3287.09,7.57292,0.98
15.66,3288.5,7.57616,0.0001
15.67,3287.2,7.57317,0.98
15.68,3287.09,7.57292,0.0001
15.69,3469.69,7.9936,0.98
15.7,3471.26,7.9972,0.98
15.71,3471.26,7.9972,0.0001
15.72,3728.7,8.59031,0.98
15.73,3728.7,8.59031,0.98
15.74,3917.88,9.02615,0.0001
15.75,3919.72,9.0304,0.98
15.76,3917.73,9.0258,0.0001
15.77,4129.33,9.51329,0.98
15.78,4126.09,9.50584,0.885414
15.79,4307.37,9.92348,0.98
15.8,4307.19,9.92305,0.0001
15.81,4421.84,10.1872,0.0001
15.82,4421.65,10.1867,0.98
15.83,4482.5,10.3269,0.0001
15.84,4481.29,10.3242,0.969944
15.85,4521.82,10.4175,0.0001
15.86,4521.82,10.4175,0.644473
15.87,4586.52,10.5666,0.206311
15.88,4584,10.5608,0.0001
15.89,4624.92,10.655,0.0001
15.9,4603.63,10.606,0.358491
15.91,4602.36,10.6031,0.0001
15.92,4521.82,10.4175,0.191163
15.93,4523.04,10.4203,0.252929
15.94,4459.91,10.2749,0.0001
15.95,4461.1,10.2776,0.98
15.96,4364.91,10.056,0.645619
15.97,4364.91,10.056,0.0001
15.98,4062.23,9.35871,0.119997
15.99,4063.22,9.361,0.98
16,3950.7,9.10175,0.0001
16.01,3948.82,9.09744,0.98
16.02,3949.76,9.09959,0.927171
16.03,3949.76,9.09959,0.614505
16.04,3949.92,9.09995,0.681632
16.05,3786.16,8.72268,0.645106
16.06,3785.3,8.7207,0.664327
16.07,3787.02,8.72466,0.98
16.08,3843.49,8.85477,0.189387
16.09,3843.35,8.85443,0.98
16.1,3843.49,8.85477,0.793675
16.11,3841.57,8.85035,0.0604434
16.12,3923.57,9.03925,0.98
16.13,3785.15,8.72037,0.778017
16.14,3785.3,8.7207,0.0001
16.15,3784.44,8.71872,0.98
16.16,3469.69,7.9936,0.218361
16.17,3468.25,7.99027,0.98
16.18,3422.9,7.88579,0.98
16.19,3420.67,7.88067,0.0567188
16.2,3448.04,7.94371,0.98
16.21,3516.3,8.10097,0.98
16.22,3518.65,8.10639,0.98
16.23,3621.35,8.343,0.0652997
16.24,3620.7,8.34148,0.98
16.25,3442.1,7.93004,0.0001
16.26,3422.2,7.88417,0.98
16.27,3375.87,7.77744,0.98
16.28,3375.98,7.77771,0.800701
16.29,3376.67,7.77928,0.98
16.3,3120.9,7.19005,0.98
16.31,3122.17,7.19296,0.98
16.32,3202.25,7.37746,0.98
16.33,3202.15,7.37723,0.98
16.34,3422.9,7.88579,0.0001
16.35,3424.42,7.8893,0.98
16.36,3673.9,8.46407,0.0001
16.37,3674.71,8.46593,0.98
16.38,3674.71,8.46593,0.98
16.39,3902.44,8.99057,0.0001
16.4,3903.35,8.99268,0.98
16.41,4092.32,9.42803,0.98
16.42,4096.51,9.43769,0.0001
16.43,4271.68,9.84124,0.0001
16.44,4269.31,9.83578,0.98
16.45,4589.05,10.5724,0.0001
16.46,4402.18,10.1419,0.98
16.47,4500.04,10.3674,0.441452
16.48,4501.46,10.3706,0.0001
16.49,4580.01,10.5516,0.0001
16.5,4584,10.5608,0.523677
16.51,4649.22,10.711,0.0001
16.52,4647.92,10.708,0.497092
16.53,4647.92,10.708,0.0001
16.54,4649.22,10.711,0.346628
16.55,4643.82,10.6986,0.0001
16.56,4421.65,10.1867,0.0001
16.57,4425.37,10.1953,0.000202472
16.58,4421.65,10.1867,0.0001
16.59,4163.72,9.59252,0.98
16.6,4165.8,9.59731,0.0001
16.61,4159.39,9.58254,0.98
16.62,4110.15,9.46911,0.0001
16.63,4181.13,9.63262,0.857188
16.64,4183.4,9.63786,0.310451
16.65,4289.82,9.88304,0.133412
16.66,4286.51,9.87541,0.432716
16.67,4366.05,10.0587,0.0001
16.68,4362.62,10.0508,0.72326
16.69,4129.33,9.51329,0.0001
16.7,4128.14,9.51055,0.523428
16.71,3841.57,8.85035,0.98
16.72,3843.35,8.85443,0.0001
16.73,3675.52,8.4678,0.98
16.74,3674.71,8.46593,0.0001
16.75,3518.65,8.10639,0.98
16.76,3517.04,8.10268,0.155137
16.77,3518.65,8.10639,0.98
16.78,3620.56,8.34118,0.463716
16.79,3620.56,8.34118,0.98
16.8,3673.77,8.46376,0.0001
16.81,3674.71,8.46593,0.98
16.82,3673.9,8.46407,0.972669
16.83,3621.35,8.343,0.340783
16.84,3619.78,8.33937,0.98
16.85,3673.77,8.46376,0.98
16.86,3673.09,8.4622,0.943614
16.87,3846.15,8.8609,0.424434
16.88,3843.49,8.85477,0.98
16.89,4013.16,9.24566,0.98
16.9,4014.13,9.24789,0.0001
16.91,4013.32,9.24604,0.98
16.92,4163.72,9.59252,0.0001
16.93,4163.72,9.59252,0.98
16.94,4287.61,9.87795,0.0001
16.95,4288.72,9.88049,0.98
16.96,4420.48,10.184,0.248475
16.97,4424,10.1922,0.0001
16.98,4524.27,10.4232,0.0001
16.99,4521.61,10.417,0.437216
17,4606.38,10.6123,0.0001
17.01,4605.11,10.6094,0.401651
17.02,4605.11,10.6094,0.0001
17.03,4603.63,10.606,0.0001
17.04,4344.61,10.0093,0.068627
17.05,4345.94,10.0123,0.0001
17.06,4344.8,10.0097,0.98
17.07,4345.94,10.0123,0.0001
17.08,4344.8,10.0097,0.29773
17.09,4045.63,9.32047,0.0001
17.1,3980.26,9.16986,0.0001
17.11,3980.26,9.16986,0.98
17.12,3967.31,9.14002,0.0577983
17.13,3965.58,9.13604,0.504183
17.14,3997.12,9.20871,0.562336
17.15,3998.24,9.21129,0.393229
17.16,4045.8,9.32085,0.0001
17.17,4045.63,9.32047,0.481055
17.18,4045.8,9.32085,0.0001
17.19,3905.33,8.99725,0.508491
17.2,3905.33,8.99725,0.224491
17.21,3728.84,8.59063,0.98
17.22,3727.87,8.58839,0.0001
17.23,3620.56,8.34118,0.647485
17.24,3621.48,8.3433,0.98
17.25,3470.54,7.99554,0.98
17.26,3469.69,7.9936,0.609536
17.27,3518.65,8.10639,0.98
17.28,3519.39,8.1081,0.432075
17.29,3623.19,8.34723,0.543156
17.3,3620.56,8.34118,0.98
17.31,3620.56,8.34118,0.0001
17.32,3620.56,8.34118,0.98
17.33,3618.99,8.33756,0.846237
17.34,3517.04,8.10268,0.98
17.35,3516.3,8.10097,0.98
17.36,3519.39,8.1081,0.976369
17.37,3618.21,8.33575,0.98
17.38,3620.56,8.34118,0.660218
17.39,3729.53,8.59223,0.0001
17.4,3727.87,8.58839,0.98
17.41,3843.35,8.85443,0.0001
17.42,3845.27,8.85886,0.98
17.43,3896.81,8.97761,0.0001
17.44,3904.42,8.99514,0.98
17.45,4028.36,9.28067,0.0001
17.46,3966.37,9.13785,0.856742
17.47,4095.34,9.43498,0.0001
17.48,4096.51,9.43769,0.98
17.49,4237.65,9.76284,0.0001
17.5,4234.24,9.75498,0.756284
17.51,4234.24,9.75498,0.0001
17.52,4287.61,9.87795,0.901745
17.53,4291.11,9.88601,0.0115293
17.54,4345.94,10.0123,0.264636
17.55,4343.67,10.0071,0.0001
17.56,4344.8,10.0097,0.284155
17.57,4344.8,10.0097,0.0001
17.58,4382.89,10.0975,0.224483
17.59,4382.89,10.0975,0.0001
17.6,4382.7,10.097,0.0001
17.61,4461.3,10.2781,0.0574102
17.62,4461.1,10.2776,0.0001
17.63,4542.15,10.4644,0.0001
17.64,4543.6,10.4677,0.0001
17.65,4605.11,10.6094,0.0001
17.66,4601.09,10.6001,0.0001
17.67,4668.32,10.755,0.0001
17.68,4466.08,10.2891,0.0001
17.69,4669.62,10.758,0.0001
17.7,4669.62,10.758,0.0001
17.71,4271.68,9.84124,0.0001
17.72,4274.05,9.84671,0.0001
17.73,4271.5,9.84082,0.0001
17.74,4094.33,9.43267,0.98
17.75,4095.51,9.43537,0.0001
17.76,4045.8,9.32085,0.211028
17.77,4045.8,9.32085,0.98
17.78,3787.88,8.72665,0.0001
17.79,3787.02,8.72466,0.0001
17.8,3728.7,8.59031,0.98
17.81,3728.7,8.59031,0.0001
17.82,3843.35,8.85443,0.98
17.83,3845.27,8.85886,0.052348
17.84,3994.25,9.20209,0.0001
17.85,4000.16,9.21571,0.675592
17.86,3992.18,9.19731,0.127106
17.87,3981.21,9.17205,0.0001
17.88,3981.21,9.17205,0.812399
17.89,3568.12,8.22035,0.000533001
17.9,3568.88,8.22211,0.0940763
17.91,3568.12,8.22035,0.98
17.92,3202.87,7.37888,0.0001
17.93,3200.92,7.37439,0.98
17.94,2994.64,6.89915,0.98
17.95,3046.55,7.01875,0.0001
17.96,2807.49,6.46799,0.98
17.97,2807.02,6.4669,0.98
17.98,2905.96,6.69486,0.819644
17.99,2903.35,6.68883,0.98
18,3045.99,7.01747,0.0001
18.01,3204.72,7.38314,0.98
18.02,3202.77,7.37865,0.98
18.03,3470.54,7.99554,0.0001
18.04,3469.69,7.9936,0.98
18.05,3784.3,8.71839,0.0001
18.06,3786.16,8.72268,0.98
18.07,3981.21,9.17205,0.0001
18.08,3981.21,9.17205,1
18.09,4180.08,9.63021,0.288012
18.1,4181.13,9.63262,0.0001
18.11,4180.08,9.63021,0.98
18.12,4181.3,9.63303,0.0001
18.13,4326.01,9.96641,0.98
18.14,4462.29,10.2804,0.0001
18.15,4264.76,9.82529,0.271189
18.16,4462.29,10.2804,0.0001
18.17,4564.33,10.5155,0.98
18.18,4563.08,10.5126,0.0001
18.19,4582.74,10.5579,0.0001
18.2,4584,10.5608,0.0001
18.21,4362.62,10.0508,0.0001
18.22,4362.62,10.0508,0.0001
18.23,4308.49,9.92604,0.98
18.24,4306.26,9.92091,0.0001
18.25,4215.32,9.7114,0.86996
18.26,4216.56,9.71426,0.0001
18.27,3903.51,8.99303,0.98
18.28,3901.53,8.98847,0.0001
18.29,3787.88,8.72665,0.0399892
18.3,3785.15,8.72037,0.98
18.31,3904.42,8.99514,0.0001
18.32,3905.49,8.9976,0.98
18.33,3151.09,7.2596,0.0001
18.34,3963.54,9.13133,0.98
18.35,4105.93,9.45939,0.083052
18.36,4181.13,9.63262,0.98
18.37,4183.4,9.63786,0.0001
18.38,4183.4,9.63786,0.98
18.39,4306.08,9.92049,0.0001
18.4,4307.37,9.92348,0.725847
18.41,4403.35,10.1446,0.0001
18.42,4401.02,10.1392,0.329594
18.43,4461.1,10.2776,0.0001
18.44,4461.1,10.2776,0.0588619
18.45,4308.49,9.92604,0.0001
18.46,4306.08,9.92049,0.0001
18.47,3903.51,8.99303,0.98
18.48,3903.51,8.99303,0.0001
18.49,3902.59,8.99092,0.98
18.5,3468.25,7.99027,0.0001
18.51,3470.41,7.99526,0.707604
18.52,3377.47,7.78112,0.98
18.53,3375.3,7.77613,0.0001
18.54,3518.65,8.10639,0.98
18.55,3517.78,8.10439,0.388543
18.56,3619.78,8.33937,0.0001
18.57,3620.7,8.34148,0.98
18.58,3730.37,8.59415,0.593862
18.59,3729.53,8.59223,0.0001
18.6,3673.9,8.46407,0.98
18.61,3674.71,8.46593,0.0001
18.62,3730.37,8.59415,0.98
18.63,3726.89,8.58615,0.226341
18.64,3728.7,8.59031,0.0001
18.65,3928.5,9.05062,0.757174
18.66,3904.42,8.99514,0.554087
18.67,4063.22,9.361,0.98
18.68,4063.22,9.361,0.421145
18.69,4062.23,9.35871,0.318015
18.7,4180.08,9.63021,0.0001
18.71,4183.4,9.63786,0.809588
18.72,4062.07,9.35833,0.0001
18.73,4065.21,9.36556,0.519568
18.74,3903.51,8.99303,0.98
18.75,3903.51,8.99303,0.0001
18.76,3842.46,8.85239,0.23772
18.77,3843.35,8.85443,0.98
18.78,3729.53,8.59223,0.555812
18.79,3733.99,8.6025,0.306686
18.8,3785.15,8.72037,0.98
18.81,3786.16,8.72268,0.0001
18.82,3845.27,8.85886,0.0001
18.83,3843.35,8.85443,0.618962
18.84,3730.51,8.59447,0.0001
18.85,3728.7,8.59031,0.689128
18.86,3729.67,8.59255,0.315969
18.87,3728.7,8.59031,0.98
18.88,3727.73,8.58807,0.0568342
18.89,3674.58,8.46562,0.732285
18.9,3673.9,8.46407,0.523673
18.91,3674.71,8.46593,0.98
18.92,3673.9,8.46407,0.427293
18.93,3674.71,8.46593,0.735364
18.94,3786.16,8.72268,0.667605
18.95,3785.3,8.7207,0.676069
18.96,3729.53,8.59223,0.0001
18.97,3727.87,8.58839,0.98
18.98,3519.39,8.1081,0.98
18.99,3516.3,8.10097,0.447403
19,3422.2,7.88417,0.726984
19.01,3422.2,7.88417,0.98
19.02,3472.1,7.99915,0.98
19.03,3468.97,7.99193,0.952291
19.04,3424.42,7.8893,0.38046
19.05,3422.9,7.88579,0.98
19.06,3520.14,8.10981,0.98
19.07,3652.83,8.41553,0.98
19.08,3673.9,8.46407,0.0001
19.09,3674.71,8.46593,0.0001
19.1,3674.71,8.46593,0.98
19.11,3843.35,8.85443,0.449769
19.12,3844.53,8.85716,0.98
19.13,4029.5,9.28329,0.0001
19.14,4029.5,9.28329,0.98
19.15,4032.58,9.2904,0.0001
19.16,4029.5,9.28329,0.98
19.17,4146.45,9.55274,0.124302
19.18,3980.26,9.16986,0.555226
19.19,3981.21,9.17205,0.0001
19.2,3785.15,8.72037,0.98
19.21,3785.15,8.72037,0.0001
19.22,3469.69,7.9936,0.726193
19.23,3467.53,7.98861,0.98
19.24,3376.67,7.77928,0.98
19.25,3374.5,7.77429,0.0968226
19.26,3375.98,7.77771,0.98
19.27,3434.07,7.91152,0.858043
19.28,3519.39,8.1081,0.98
19.29,3729.53,8.59223,0.426276
19.3,3767.33,8.6793,0.98
19.31,3904.57,8.99549,0.0001
19.32,3905.33,8.99725,0.98
19.33,4078.64,9.3965,0.0001
19.34,4079.8,9.39919,0.98
19.35,4312.95,9.93632,0.0001
19.36,4231.01,9.74755,0.98
19.37,4234.24,9.75498,0.0001
19.38,4343.48,10.0067,0.98
19.39,4344.61,10.0093,0.0001
19.4,4442.67,10.2352,0.0001
19.41,4438.92,10.2265,0.463648
19.42,4440.1,10.2293,0.0001
19.43,4521.82,10.4175,0.0001
19.44,4521.61,10.417,0.259581
19.45,4603.84,10.6065,0.0001
19.46,4603.84,10.6065,0.123677
19.47,4603.84,10.6065,0.0001
19.48,4560.38,10.5064,0.0001
19.49,4288.9,9.88092,0.0001
19.5,4287.61,9.87795,0.0001
19.51,4288.9,9.88092,0.98
19.52,3844.38,8.85681,0.0001
19.53,3842.61,8.85273,0.289481
19.54,3619.78,8.33937,0.0001
19.55,3620.7,8.34148,0.98
19.56,3287.09,7.57292,0.98
19.57,3287.09,7.57292,0.362581
19.58,3245.07,7.4761,0.98
19.59,3244.44,7.47464,0.0001
19.6,3375.3,7.77613,0.98
19.61,3375.3,7.77613,0.98
19.62,3333,7.67868,0.0001
19.63,3330.23,7.67229,0.98
19.64,3470.41,7.99526,0.98
19.65,3469.81,7.99387,0.98
19.66,3675.52,8.4678,0.98
19.67,3673.09,8.4622,0.0001
19.68,3673.9,8.46407,0.98
19.69,3843.49,8.85477,0.0001
19.7,3843.49,8.85477,0.98
19.71,4045.8,9.32085,0.0001
19.72,4047.76,9.32538,0.98
19.73,4046.62,9.32274,0.0001
19.74,4197.45,9.67023,0.98
19.75,4199.74,9.67551,0.186679
19.76,4314.25,9.93932,0.0001
19.77,4326.01,9.96641,0.804369
19.78,4326.01,9.96641,0.0001
19.79,4344.8,10.0097,0.407037
19.8,4345.94,10.0123,0.0001
19.81,4079.8,9.39919,0.0001
19.82,4078.8,9.39689,0.017034
19.83,4016.23,9.25272,0.98
19.84,4013.32,9.24604,0.0001
19.85,3963.38,9.13097,0.98
19.86,3965.42,9.13568,0.0392396
19.87,5613.88,12.9334,0.98
19.88,3673.9,8.46407,0.181283
19.89,3694.26,8.51097,0.0001
19.9,3517.04,8.10268,0.98
19.91,3516.17,8.10068,0.98
19.92,3161.66,7.28393,0.0001
19.93,3161.66,7.28393,0.98
19.94,3036.28,6.9951,0.98
19.95,3122.76,7.19431,0.0399749
19.96,3124.02,7.19723,0.98
19.97,3363.15,7.74815,0.98
19.98,3287.2,7.57317,0.98
19.99,3286.45,7.57143,0.0001
20,3517.78,8.10439,0.98
20.01,3518.53,8.1061,0.779511
20.02,3785.15,8.72037,0.0001
20.03,3785.3,8.7207,0.98
20.04,3934.22,9.06379,0.866814
20.05,3934.37,9.06415,0.0001
20.06,4028.52,9.28105,0.0001
20.07,4032.58,9.2904,0.91149
20.08,4147.66,9.55552,0.0001
20.09,4147.48,9.55512,0.851932
20.1,4250.07,9.79147,0.371779
20.11,4252.24,9.79647,0.0001
20.12,4325.82,9.96598,0.0001
20.13,4326.01,9.96641,0.429002
20.14,4347.26,10.0154,0.0001
20.15,4345.94,10.0123,0.377034
20.16,4348.39,10.018,0.0001
20.17,4345.94,10.0123,0.0001
20.18,4344.8,10.0097,0.0488158
20.19,4129.33,9.51329,0.0001
20.2,4128.31,9.51094,0.0001
20.21,4130.35,9.51565,0.98
20.22,3728.7,8.59031,0.0001
20.23,3729.53,8.59223,0.4589
20.24,3202.77,7.37865,0.0704986
20.25,3202.87,7.37888,0.98
20.26,3046.64,7.01896,0.98
20.27,3045.44,7.01619,0.0001
20.28,2891.76,6.66214,0.98
20.29,2939.62,6.7724,0.98
20.3,3100.29,7.14257,0.98
20.31,3083.66,7.10424,0.737259
20.32,3330.89,7.67382,0.98
20.33,3328.89,7.66922,0.0001
20.34,3569.77,8.22416,0.0001
20.35,3570.54,8.22592,0.98
20.36,3570.41,8.22563,0.0001
20.37,3728.7,8.59031,0.98
20.38,3729.53,8.59223,0.899701
20.39,3901.53,8.98847,0.0001
20.4,3901.53,8.98847,0.98
20.41,4045.8,9.32085,0.0001
20.42,4045.8,9.32085,0.98
20.43,4164.76,9.59491,0.0001
20.44,4160.6,9.58533,0.98
20.45,4163.72,9.59252,0.0001
20.46,4270.58,9.83872,0.98
20.47,4270.58,9.83872,0.266437
20.48,4363.57,10.053,0.452954
20.49,4363.76,10.0534,0.0001
20.5,4366.24,10.0591,0.727884
20.51,4471.07,10.3006,0.0001
20.52,4421.65,10.1867,0.521609
20.53,4214.08,9.70853,0.0001
20.54,4216.56,9.71426,0.98
20.55,4112.35,9.47417,0.98
20.56,4111.33,9.47184,0.0001
20.57,3948.67,9.09708,0.479391
20.58,3796.94,8.74752,0.98
20.59,3948.67,9.09708,0.98
20.6,3948.82,9.09744,0.98
20.61,4045.63,9.32047,0.296111
20.62,4042.69,9.31369,0.0001
20.63,4163.72,9.59252,0.98
20.64,4075.64,9.38961,0.0001
20.65,4270.4,9.8383,0.943225
20.66,4267.12,9.83074,0.0001
20.67,4268.21,9.83326,0.98
20.68,4364.91,10.056,0.0001
20.69,4363.76,10.0534,0.98
20.7,4457.52,10.2694,0.0001
20.71,4459.91,10.2749,0.0001
20.72,4461.1,10.2776,0.319688
20.73,4462.49,10.2808,0.0001
20.74,4521.61,10.417,0.205619
20.75,4522.84,10.4199,0.0001
20.76,4564.33,10.5155,0.0001
20.77,4563.08,10.5126,0.0001
20.78,4563.08,10.5126,0.0001
20.79,4565.58,10.5184,0.0001
20.8,4539.68,10.4587,0.0001
20.81,4543.39,10.4672,0.0001
20.82,4421.65,10.1867,0.0001
20.83,4421.65,10.1867,0.0001
20.84,3903.51,8.99303,0.98
20.85,3905.49,8.9976,0.0001
20.86,3439.85,7.92486,0.98
20.87,3374.5,7.77429,0.0001
20.88,3375.98,7.77771,0.98
20.89,3242.44,7.47004,0.0001
20.9,3244.44,7.47464,0.98
20.91,3375.98,7.77771,0.98
20.92,3376.67,7.77928,0.724524
20.93,3568.12,8.22035,0.0001
20.94,3568.88,8.22211,0.98
20.95,3785.15,8.72037,0.913176
20.96,3785.3,8.7207,0.0001
20.97,3846.15,8.8609,0.0001
20.98,3844.38,8.85681,0.98
20.99,3843.49,8.85477,0.0001
21,3965.58,9.13604,0.843553
21.01,3964.48,9.1335,0.415246
21.02,4112.35,9.47417,0.0001
21.03,4110.15,9.46911,0.868571
21.04,4180.08,9.63021,0.190504
21.05,4181.13,9.63262,0.0001
21.06,4012.2,9.24344,0.0001
21.07,4015.26,9.25049,0.145465
21.08,3964.48,9.1335,0.98
21.09,3965.42,9.13568,0.0001
21.1,3917.88,9.02615,0.467793
21.11,3918.65,9.02792,0.928382
21.12,3918.65,9.02792,0.11334
21.13,3728.56,8.58999,0.98
21.14,3729.53,8.59223,0.132597
21.15,3673.77,8.46376,0.98
21.16,3673.9,8.46407,0.0001
21.17,3331.67,7.67561,0.98
21.18,3331,7.67408,0.38642
21.19,2939.62,6.7724,0.98
21.2,2940.66,6.77479,0.0001
21.21,2938.58,6.77001,0.98
21.22,2939.02,6.77101,0.0001
21.23,2872,6.6166,0.98
21.24,2872.08,6.61679,0.98
21.25,2871.5,6.61546,0.98
21.26,3046.64,7.01896,0.98
21.27,3044.88,7.0149,0.98
21.28,3045.99,7.01747,0.0001
21.29,3287.09,7.57292,0.98
21.3,3287.09,7.57292,0.98
21.31,3568.88,8.22211,0.0001
21.32,3502.38,8.06891,0.98
21.33,3785.15,8.72037,0.0001
21.34,3784.3,8.71839,0.98
21.35,3997.12,9.20871,0.735608
21.36,3998.24,9.21129,0.0001
21.37,4162.5,9.58972,0.0001
21.38,4163.89,9.59291,0.98
21.39,4288.72,9.88049,0.0001
21.4,4287.61,9.87795,0.98
21.41,4402.38,10.1423,0.0001
21.42,4401.02,10.1392,0.974053
21.43,4481.29,10.3242,0.162942
21.44,4481.09,10.3237,0.0001
21.45,4521.82,10.4175,0.0001
21.46,4521.82,10.4175,0.241419
21.47,4521.82,10.4175,0.0001
21.48,4562.88,10.5121,0.134817
21.49,4563.08,10.5126,0.0001
21.5,4564.33,10.5155,0.0001
21.51,4564.33,10.5155,0.0001
21.52,4497.62,10.3618,0.0001
21.53,4111.33,9.47184,0.0001
21.54,4112.35,9.47417,0.761875
21.55,4112.35,9.47417,0.98
21.56,3728.7,8.59031,0.0001
21.57,3727.87,8.58839,0.74665
21.58,3477.29,8.01111,0.153302
21.59,3286.45,7.57143,0.98
21.6,3242.44,7.47004,0.98
21.61,3243.17,7.47173,0.98
21.62,3244.44,7.47464,0.766424
21.63,3245.7,7.47755,0.98
21.64,3243.8,7.47319,0.98
21.65,3422.9,7.88579,0.98
21.66,3671.34,8.45816,0.98
21.67,3623.19,8.34723,0.0001
21.68,3620.7,8.34148,0.0001
21.69,3842.61,8.85273,0.98
21.7,3841.57,8.85035,0.670385
21.71,3997.12,9.20871,0.0001
21.72,3997.28,9.20908,0.98
21.73,4112.35,9.47417,0.0001
21.74,4114.38,9.47885,0.98
21.75,4113.36,9.47651,0.0001
21.76,4112.35,9.47417,0.98
21.77,4111.17,9.47145,0.297068
21.78,4163.72,9.59252,0.524213
21.79,4163.72,9.59252,0.478983
21.8,4197.62,9.67063,0.0001
21.81,4202.03,9.68079,0.601473
21.82,3966.37,9.13785,0.303248
21.83,3965.26,9.13531,0.0001
21.84,3727.87,8.58839,0.454739
21.85,3728.84,8.59063,0.98
21.86,3517.04,8.10268,0.98
21.87,3518.65,8.10639,0.192738
21.88,3567.22,8.21829,0.98
21.89,3568.12,8.22035,0.223584
21.9,3568.88,8.22211,0.98
21.91,3621.48,8.3433,0.401767
21.92,3622.27,8.34511,0.98
21.93,3393.28,7.81756,0.31321
21.94,3423.02,7.88606,0.98
21.95,3375.98,7.77771,0.98
21.96,3375.87,7.77744,0.0651182
21.97,3422.2,7.88417,0.98
21.98,3424.42,7.8893,0.98
21.99,3375.98,7.77771,0.98
22,3376.67,7.77928,0.822866
22.01,3107.04,7.1581,0.98
22.02,3202.77,7.37865,0.98
22.03,3286.45,7.57143,0.98
22.04,3244.44,7.47464,0.0001
22.05,3244.44,7.47464,0.98
22.06,3375.3,7.77613,0.98
22.07,3375.98,7.77771,0.98
22.08,3445.78,7.93851,0.0001
22.09,3517.04,8.10268,0.98
22.1,3728.56,8.58999,0.541058
22.11,3728.7,8.59031,0.975352
22.12,3729.67,8.59255,0.98
22.13,3921.57,9.03465,0.0001
22.14,4014.29,9.24826,0.98
22.15,4078.8,9.39689,0.0001
22.16,4079.8,9.39919,0.98
22.17,4199.74,9.67551,0.0001
22.18,4199.74,9.67551,0.501204
22.19,4307.37,9.92348,0.98
22.2,4307.19,9.92305,0.0001
22.21,4344.61,10.0093,0.98
22.22,4341.22,10.0015,0.0001
22.23,4202.03,9.68079,0.511014
22.24,4195.33,9.66536,0.575103
22.25,4163.72,9.59252,0.98
22.26,4163.72,9.59252,0.197194
22.27,4183.4,9.63786,0.819178
22.28,4180.08,9.63021,0.98
22.29,4179.03,9.62779,0.573864
22.3,3933.29,9.06165,0.471224
22.31,3934.22,9.06379,0.725893
22.32,3934.22,9.06379,0.621654
22.33,3488.7,8.03738,0.98
22.34,3568.88,8.22211,0.0001
22.35,3225.39,7.43077,0.98
22.36,3287.74,7.57442,0.98
22.37,3258.39,7.50679,0.98
22.38,3201.54,7.37581,0.98
22.39,3287.2,7.57317,0.98
22.4,3287.2,7.57317,0.98
22.41,3517.04,8.10268,0.98
22.42,3518.65,8.10639,0.552572
22.43,3727.87,8.58839,0.0001
22.44,3728.7,8.59031,0.98
22.45,3845.41,8.8592,0.0001
22.46,3844.38,8.85681,0.98
22.47,4009.3,9.23677,0.0001
22.48,3843.35,8.85443,0.98
22.49,3844.38,8.85681,0.0001
22.5,3901.53,8.98847,0.98
22.51,3903.51,8.99303,0.33498
22.52,3999.2,9.2135,0.688383
22.53,3997.12,9.20871,0.98
22.54,3995.21,9.20429,0.0001
22.55,3997.12,9.20871,0.98
22.56,3935.3,9.06629,0.935422
22.57,4042.69,9.31369,0.98
22.58,3842.46,8.85239,0.98
22.59,3842.46,8.85239,0.885526
22.6,3570.41,8.22563,0.98
22.61,3568.88,8.22211,0.849895
22.62,3568.88,8.22211,0.98
22.63,3567.99,8.22005,0.474131
22.64,3619.78,8.33937,0.98
22.65,3618.08,8.33545,0.98
22.66,3673.9,8.46407,0.91243
22.67,3673.9,8.46407,0.98
22.68,3568.88,8.22211,0.709238
22.69,3568.88,8.22211,0.98
22.7,3568.88,8.22211,0.98
22.71,3621.48,8.3433,0.98
22.72,3620.56,8.34118,0.98
22.73,3784.3,8.71839,0.98
22.74,3785.3,8.7207,0.928594
22.75,3904.57,8.99549,0.0001
22.76,3902.59,8.99092,0.98
22.77,4062.07,9.35833,0.0001
22.78,4062.23,9.35871,0.98
22.79,4161.46,9.58733,0.0001
22.8,4160.43,9.58493,0.98
22.81,4162.68,9.59012,0.903027
22.82,4252.42,9.79688,0.0001
22.83,4251.16,9.79397,0.98
22.84,4308.49,9.92604,0.0001
22.85,4306.26,9.92091,0.98
22.86,4344.8,10.0097,0.696138
22.87,4341.22,10.0015,0.0196569
22.88,4382.89,10.0975,0.363832
22.89,4382.89,10.0975,0.759242
22.9,4352.94,10.0284,0.0405004
22.91,4362.43,10.0503,0.748993
22.92,3980.26,9.16986,0.966669
22.93,3981.37,9.17241,0.330707
22.94,3981.21,9.17205,0.98
22.95,3726.89,8.58615,0.0001
22.96,3727.87,8.58839,0.98
22.97,3518.65,8.10639,0.890843
22.98,3518.65,8.10639,0.98
22.99,3287.09,7.57292,0.98
23,3287.2,7.57317,0.98
23.01,3322.7,7.65495,0.98
23.02,3331,7.67408,0.973793
23.03,3467.53,7.98861,0.98
23.04,3468.25,7.99027,0.98
23.05,3673.77,8.46376,0.98
23.06,3674.71,8.46593,0.0001
23.07,3674.71,8.46593,0.0001
23.08,3903.51,8.99303,0.98
23.09,3903.51,8.99303,0.98
23.1,4010.27,9.23899,0.0001
23.11,4014.29,9.24826,0.98
23.12,4012.2,9.24344,0.0001
23.13,4163.72,9.59252,0.98
23.14,4163.72,9.59252,0.98
23.15,4270.4,9.8383,0.0001
23.16,4268.21,9.83326,0.98
23.17,4363.57,10.053,0.774105
23.18,4364.91,10.056,0.0001
23.19,4438.72,10.2261,0.0001
23.2,4441.48,10.2324,0.0001
23.21,4481.09,10.3237,0.565332
23.22,4481.09,10.3237,0.0001
23.23,4519.16,10.4114,0.770558
23.24,4525.5,10.426,0.0001
23.25,4542.36,10.4648,0.604098
23.26,4539.68,10.4587,0.0001
23.27,4584,10.5608,0.145483
23.28,4585.26,10.5637,0.351454
23.29,4602.57,10.6036,0.0001
23.3,4605.11,10.6094,0.357771
23.31,4606.38,10.6123,0.0617933
23.32,4542.15,10.4644,0.0001
23.33,4542.36,10.4648,0.117966
23.34,4199.74,9.67551,0.0156495
23.35,4198.68,9.67307,0.98
23.36,4198.68,9.67307,0.0001
23.37,3731.2,8.59608,0.98
23.38,3727.87,8.58839,0.0001
23.39,3287.09,7.57292,0.98
23.4,3287.09,7.57292,0.0001
23.41,3240.44,7.46544,0.98
23.42,3203.49,7.3803,0.0001
23.43,3330.89,7.67382,0.98
23.44,3409.83,7.85568,0.98
23.45,3567.99,8.22005,0.0001
23.46,3568.88,8.22211,0.98
23.47,3784.3,8.71839,0.379188
23.48,3785.15,8.72037,0.0001
23.49,3949.76,9.09959,0.98
23.5,3949.76,9.09959,0.0001
23.51,4001.12,9.21792,0.0001
23.52,4114.38,9.47885,0.98
23.53,4112.18,9.47378,0.0837384
23.54,4234.24,9.75498,0.0001
23.55,4236.57,9.76036,0.98
23.56,4288.72,9.88049,0.627193
23.57,4288.9,9.88092,0.0001
23.58,4288.72,9.88049,0.98
23.59,4288.72,9.88049,0.0001
23.6,4288.72,9.88049,0.740784
23.61,3948.82,9.09744,0.392342
23.62,3949.76,9.09959,0.476671
23.63,3981.21,9.17205,0.98
23.64,3979.31,9.16767,0.0001
23.65,3981.21,9.17205,0.831916
23.66,3917.88,9.02615,0.86153
23.67,3918.8,9.02827,0.794541
23.68,3784.3,8.71839,0.98
23.69,3785.15,8.72037,0.639169
23.7,3785.3,8.7207,0.974751
23.71,3785.3,8.7207,0.98
23.72,3786.01,8.72235,0.51357
23.73,3784.44,8.71872,0.98
23.74,3728.7,8.59031,0.98
23.75,3728.56,8.58999,0.98
23.76,3786.01,8.72235,0.98
23.77,3784.3,8.71839,0.941198
23.78,3786.16,8.72268,0.98
23.79,3901.68,8.98882,0.325935
23.8,3947.73,9.09492,0.98
23.81,3981.37,9.17241,0.0001
23.82,3980.26,9.16986,0.98
23.83,4064.38,9.36366,0.128274
23.84,4062.23,9.35871,0.663968
23.85,2387.72,5.50091,0.0001
23.86,3904.42,8.99514,0.98
23.87,3902.44,8.99057,0.646182
23.88,3841.57,8.85035,0.98
23.89,3843.35,8.85443,0.31265
23.9,3728.7,8.59031,0.98
23.91,3729.53,8.59223,0.98
23.92,3620.56,8.34118,0.806168
23.93,3620.7,8.34148,0.98
23.94,3376.78,7.77955,0.98
23.95,3375.87,7.77744,0.98
23.96,3329.56,7.67076,0.98
23.97,3331,7.67408,0.652666
23.98,3470.54,7.99554,0.98
23.99,3467.53,7.98861,0.98
24,3621.35,8.343,0.0001
24.01,3620.7,8.34148,0.98
24.02,3671.34,8.45816,0.0001
24.03,3674.71,8.46593,0.98
24.04,3674.71,8.46593,0.518952
24.05,3785.15,8.72037,0.98
24.06,3782.43,8.7141,0.98
24.07,3904.42,8.99514,0.0001
24.08,3903.51,8.99303,0.98
24.09,4027.39,9.27843,0.0001
24.1,4029.5,9.28329,0.98
24.11,4029.33,9.28292,0.0001
24.12,4163.72,9.59252,0.98
24.13,4162.5,9.58972,0.825801
24.14,4253.51,9.79938,0.0001
24.15,4252.42,9.79688,0.98
24.16,4252.42,9.79688,0.0001
24.17,4326.01,9.96641,0.98
24.18,4323.58,9.96081,0.51381
24.19,4307.37,9.92348,0.0001
24.2,4306.08,9.92049,0.858831
24.21,4307.37,9.92348,0.65958
24.22,4303.85,9.91536,0.4816
24.23,4127.12,9.50819,0.516019
24.24,4128.14,9.51055,0.539737
24.25,4043.67,9.31595,0.98
24.26,4048.75,9.32764,0.0001
24.27,3902.59,8.99092,0.98
24.28,3928.5,9.05062,0.372086
24.29,3727.87,8.58839,0.98
24.3,3728.7,8.59031,0.342314
24.31,3673.09,8.4622,0.98
24.32,3674.58,8.46562,0.402583
24.33,3466.69,7.98667,0.98
24.34,3423.02,7.88606,0.98
24.35,3123.44,7.19588,0.98
24.36,3122.76,7.19431,0.771779
24.37,3121,7.19027,0.98
24.38,2940.14,6.77359,0.568305
24.39,2939.1,6.7712,0.98
24.4,2847.95,6.5612,0.98
24.41,3047.2,7.02025,0.98
24.42,3046.64,7.01896,0.98
24.43,3287.09,7.57292,0.98
24.44,3287.74,7.57442,0.98
24.45,3518.65,8.10639,0.0001
24.46,3518.65,8.10639,0.98
24.47,3785.15,8.72037,0.98
24.48,3787.02,8.72466,0.0001
24.49,3934.22,9.06379,0.0001
24.5,3934.22,9.06379,0.98
24.51,4078.8,9.39689,0.0001
24.52,4077.64,9.3942,0.98
24.53,4217.45,9.71631,0.0001
24.54,4216.38,9.71385,0.98
24.55,4218.7,9.71918,0.0001
24.56,4307.37,9.92348,0.98
24.57,4307.37,9.92348,0.698059
24.58,4278.44,9.85682,0.0001
24.59,4384.04,10.1001,0.98
24.6,4384.04,10.1001,0.668681
24.61,4384.23,10.1006,0.0001
24.62,4385.2,10.1028,0.954732
24.63,4384.23,10.1006,0.527965
24.64,4309.79,9.92904,0.636427
24.65,4306.26,9.92091,0.566009
24.66,4307.37,9.92348,0.98
24.67,4199.74,9.67551,0.388345
24.68,4197.62,9.67063,0.707379
24.69,4044.82,9.31859,0.98
24.7,4043.67,9.31595,0.341744
24.71,4013.32,9.24604,0.98
24.72,4013.32,9.24604,0.260824
24.73,4011.23,9.24121,0.98
24.74,3918.8,9.02827,0.777393
24.75,4032.58,9.2904,0.98
24.76,3621.48,8.3433,0.93983
24.77,3621.35,8.343,0.646314
24.78,3244.44,7.47464,0.98
24.79,3244.44,7.47464,0.0001
24.8,3083.66,7.10424,0.98
24.81,3084.23,7.10556,0.255633
24.82,3046.64,7.01896,0.98
24.83,3045.44,7.01619,0.98
24.84,3161.66,7.28393,0.98
24.85,3164.26,7.28992,0.98
24.86,3046.64,7.01896,0.98
24.87,3047.76,7.02153,0.611572
24.88,3044.88,7.0149,0.98
24.89,3047.11,7.02003,0.98
24.9,3045.99,7.01747,0.98
24.91,3330.23,7.67229,0.98
24.92,3331,7.67408,0.98
24.93,3571.3,8.22769,0.0001
24.94,3570.54,8.22592,0.98
24.95,3783.44,8.71641,0.0001
24.96,3784.3,8.71839,0.98
24.97,3785.15,8.72037,0.98
24.98,3877.92,8.93409,0.0001
24.99,3936.08,9.06807,0.98
25,4096.51,9.43769,0.98
25.01,4097.52,9.44001,0.0001
25.02,4177.98,9.62538,0.0001
25.03,4179.03,9.62779,0.98
25.04,4165.97,9.59771,0.98
25.05,4163.72,9.59252,0.132644
25.06,4200.97,9.67835,0.98
25.07,4196.57,9.6682,0.98
25.08,4202.03,9.68079,0.98
25.09,4147.66,9.55552,0.692261
25.1,4148.52,9.5575,0.98
25.11,3842.46,8.85239,0.98
25.12,3843.49,8.85477,0.970151
25.13,3673.77,8.46376,0.98
25.14,3673.09,8.4622,0.98
25.15,3526.34,8.12411,0.98
25.16,3727.87,8.58839,0.98
25.17,3729.53,8.59223,0.98
25.18,3797.8,8.74951,0.0001
25.19,3841.57,8.85035,0.98
25.2,3842.61,8.85273,0.418814
25.21,3949.76,9.09959,0.98
25.22,3950.85,9.10211,0.903328
25.23,4079.8,9.39919,0.203977
25.24,4077.8,9.39459,0.98
25.25,4182.18,9.63504,0.0001
25.26,4179.03,9.62779,0.98
25.27,4252.42,9.79688,0.0001
25.28,4183.4,9.63786,0.98
25.29,4252.24,9.79647,0.0001
25.3,4307.37,9.92348,0.98
25.31,4308.3,9.92562,0.0001
25.32,4362.43,10.0503,0.98
25.33,4363.76,10.0534,0.036812
25.34,4417.94,10.1782,0.374554
25.35,4424,10.1922,0.961318
25.36,4385.2,10.1028,0.779997
25.37,4360.15,10.0451,0.0001
25.38,4363.76,10.0534,0.98
25.39,3981.21,9.17205,0.531809
25.4,3980.26,9.16986,0.98
25.41,3981.37,9.17241,0.98
25.42,3981.21,9.17205,0.0001
25.43,2305.48,5.31143,0.98
25.44,3903.51,8.99303,0.98
25.45,3903.51,8.99303,0.98
25.46,4119.63,9.49096,0.0001
25.47,3965.42,9.13568,0.98
25.48,4062.23,9.35871,0.0001
25.49,4062.23,9.35871,0.98
25.5,4061.08,9.35605,0.98
25.51,4182.18,9.63504,0.0001
25.52,4182.35,9.63544,0.98
25.53,4270.58,9.83872,0.0001
25.54,4267.12,9.83074,0.98
25.55,4328.25,9.97158,0.794848
25.56,4329.57,9.9746,0.0001
25.57,4324.89,9.96382,0.242147
25.58,4385.2,10.1028,0.8689
25.59,4384.04,10.1001,0.676861
25.6,4347.07,10.0149,0.785518
25.61,4343.67,10.0071,0.0001
25.62,4342.35,10.0041,0.853557
25.63,4028.52,9.28105,0.98
25.64,4030.47,9.28554,0.49072
25.65,3785.3,8.7207,0.98
25.66,3786.16,8.72268,0.0001
25.67,3785.3,8.7207,0.98
25.68,3785.15,8.72037,0.98
25.69,3785.3,8.7207,0.323259
25.7,3424.42,7.8893,0.98
25.71,3422.31,7.88444,0.98
25.72,3422.31,7.88444,0.98
25.73,3162.26,7.28531,0.98
25.74,3162.26,7.28531,0.29996
25.75,2938.5,6.76981,0.98
25.76,2939.1,6.7712,0.972874
25.77,2940.14,6.77359,0.98
25.78,2938.5,6.76981,0.98
25.79,2939.1,6.7712,0.98
25.8,2904.95,6.69252,0.98
25.81,2903.85,6.69,0.98
25.82,3084.8,7.10687,0.98
25.83,3085.37,7.10819,0.98
25.84,3331,7.67408,0.0001
25.85,3331,7.67408,0.98
25.86,3332.33,7.67715,0.0001
25.87,3569.64,8.22387,0.98
25.88,3568.88,8.22211,0.98
25.89,3785.3,8.7207,0.0001
25.9,3786.01,8.72235,0.98
25.91,3964.32,9.13314,0.98
25.92,4033.4,9.29228,0.0001
25.93,3965.42,9.13568,0.98
25.94,4129.33,9.51329,0.0001
25.95,4128.14,9.51055,0.98
25.96,4235.49,9.75788,0.975559
25.97,4235.31,9.75746,0.0001
25.98,4232.09,9.75003,0.373474
25.99,4329.57,9.9746,0.98
26,4324.89,9.96382,0.98
26.01,4402.18,10.1419,0.98
26.02,4401.02,10.1392,0.0001
26.03,4442.67,10.2352,0.98
26.04,4441.29,10.232,0.0001
26.05,4481.09,10.3237,0.98
26.06,4482.29,10.3265,0.180366
26.07,4590.53,10.5758,0.435426
26.08,4520.59,10.4147,0.868214
26.09,4521.82,10.4175,0.0001
26.1,4501.46,10.3706,0.98
26.11,4426.54,10.198,0.188779
26.12,4237.65,9.76284,0.754444
26.13,4233.16,9.75251,0.862858
26.14,4129.16,9.5129,0.98
26.15,4129.33,9.51329,0.0001
26.16,4128.31,9.51094,0.98
26.17,4130.35,9.51565,0.98
26.18,4131.55,9.5184,0.64466
26.19,4129.33,9.51329,0.98
26.2,4129.33,9.51329,0.973214
26.21,4180.08,9.63021,0.98
26.22,4181.13,9.63262,0.98
26.23,4251.34,9.79438,0.228779
26.24,4252.24,9.79647,0.98
26.25,4307.19,9.92305,0.0001
26.26,4307.37,9.92348,0.98
26.27,4363.76,10.0534,0.0001
26.28,4362.62,10.0508,0.964066
26.29,4414.43,10.1701,0.610396
26.3,4402.18,10.1419,0.0001
26.31,4441.29,10.232,0.0444777
26.32,4442.67,10.2352,0.64299
26.33,4441.29,10.232,0.0299397
26.34,4713.65,10.8595,0.531108
26.35,4462.49,10.2808,0.393466
26.36,4442.67,10.2352,0.0001
26.37,4441.48,10.2324,0.98
26.38,4043.67,9.31595,0.0001
26.39,4045.8,9.32085,0.98
26.4,3673.09,8.4622,0.98
26.41,3673.77,8.46376,0.0001
26.42,3517.04,8.10268,0.98
26.43,3518.65,8.10639,0.98
26.44,3619.78,8.33937,0.0001
26.45,3619.78,8.33937,0.98
26.46,3548.24,8.17455,0.687161
26.47,3730.37,8.59415,0.233423
26.48,3727.73,8.58807,0.98
26.49,3903.35,8.99268,0.0001
26.5,3903.51,8.99303,0.98
26.51,3904.42,8.99514,0.0001
26.52,3903.51,8.99303,0.98
26.53,3902.44,8.99057,0.803058
26.54,3951.79,9.10427,0.98
26.55,3949.76,9.09959,0.98
26.56,4045.63,9.32047,0.316267
26.57,4043.67,9.31595,0.98
26.58,4146.45,9.55274,0.92641
26.59,4147.66,9.55552,0.0001
26.6,4198.68,9.67307,0.0001
26.61,4198.86,9.67347,0.98
26.62,4181.13,9.63262,0.626544
26.63,4181.3,9.63303,0.0001
26.64,4215.32,9.7114,0.98
26.65,4215.32,9.7114,0.504624
26.66,4473.67,10.3066,0.674442
26.67,4268.21,9.83326,0.0934983
26.68,4326.01,9.96641,0.713507
26.69,4326.01,9.96641,0.0001
26.7,4326.01,9.96641,0.0001
26.71,4129.33,9.51329,0.554647
26.72,4126.09,9.50584,0.315984
26.73,4130.35,9.51565,0.98
26.74,3786.01,8.72235,0.0001
26.75,3785.15,8.72037,0.767024
26.76,3568.88,8.22211,0.98
26.77,3568.12,8.22035,0.0001
26.78,3378.15,7.7827,0.98
26.79,3375.19,7.77587,0.98
26.8,3375.98,7.77771,0.478608
26.81,3432.42,7.90772,0.98
26.82,3569.64,8.22387,0.717254
26.83,3569.01,8.2224,0.98
26.84,3726.06,8.58423,0.0001
26.85,3728.7,8.59031,0.98
26.86,3902.59,8.99092,0.98
26.87,3902.44,8.99057,0.0001
26.88,4045.63,9.32047,0.0001
26.89,4044.82,9.31859,0.98
26.9,4046.78,9.32311,0.0001
26.91,4163.72,9.59252,0.98
26.92,4167.01,9.60011,0.591939
26.93,4270.4,9.8383,0.0001
26.94,4270.58,9.83872,0.98
26.95,4307.19,9.92305,0.510386
26.96,4307.37,9.92348,0.0001
26.97,4304.96,9.91792,0.34832
26.98,4306.26,9.92091,0.44202
26.99,4307.37,9.92348,0.433458
27,4197.62,9.67063,0.36457
27.01,4181.13,9.63262,0.36672
27.02,3966.37,9.13785,0.361752
27.03,4094.33,9.43267,0.98
27.04,4095.34,9.43498,0.266192
27.05,3786.01,8.72235,0.98
27.06,3785.15,8.72037,0.192083
27.07,3422.31,7.88444,0.98
27.08,3404.72,7.84391,0.0001
27.09,2974.07,6.85176,0.98
27.1,2974.07,6.85176,0.106978
27.11,2974.07,6.85176,0.98
27.12,2575.46,5.93344,0.182012
27.13,2575.46,5.93344,0.98
27.14,2523.47,5.81365,0.98
27.15,2523.85,5.81453,0.98
27.16,2302.82,5.30532,0.98
27.17,2356.82,5.42973,0.98
27.18,2117.12,4.87749,0.98
27.19,2117.66,4.87873,0.98
27.2,2230.55,5.13882,0.98
27.21,2230.55,5.13882,0.98
27.22,2547.97,5.87009,0.98
27.23,2548.42,5.87114,0.98
27.24,2549.59,5.87383,0.98
27.25,2939.1,6.7712,0.0001
27.26,2939.1,6.7712,0.98
27.27,3287.2,7.57317,0.98
27.28,3287.2,7.57317,0.0001
27.29,3286.45,7.57143,0.0001
27.3,3566.59,8.21683,0.98
27.31,3568.88,8.22211,0.98
27.32,3843.49,8.85477,0.98
27.33,3844.38,8.85681,0.0001
27.34,4013.16,9.24566,0.98
27.35,4013.32,9.24604,0.0001
27.36,4163.72,9.59252,0.663284
27.37,4163.72,9.59252,0.98
27.38,4286.51,9.87541,0.0001
27.39,4288.9,9.88092,0.98
27.4,4382.89,10.0975,0.0001
27.41,4381.74,10.0948,0.98
27.42,4441.29,10.232,0.0001
27.43,4440.1,10.2293,0.98
27.44,4440.1,10.2293,0.172526
27.45,4481.09,10.3237,0.98
27.46,4481.09,10.3237,0.98
27.47,4500.04,10.3674,0.464948
27.48,4501.26,10.3702,0.98
27.49,4501.26,10.3702,0.626762
27.5,4544.83,10.4705,0.98
27.51,4323.76,9.96124,0.848407
27.52,4543.6,10.4677,0.224018
27.53,4542.36,10.4648,0.970324
27.54,4542.36,10.4648,0.732878
27.55,4538.44,10.4558,0.775925
27.56,4539.68,10.4587,0.715509
27.57,4481.09,10.3237,0.762533
27.58,4481.29,10.3242,0.66493
27.59,4442.67,10.2352,0.98
27.6,4441.29,10.232,0.469542
27.61,4323.58,9.96081,0.98
27.62,4329.38,9.97417,0.536991
27.63,4128.14,9.51055,0.98
27.64,4129.33,9.51329,0.23477
27.65,4126.09,9.50584,0.98
27.66,3843.49,8.85477,0.98
27.67,3844.38,8.85681,0.255945
27.68,3568.12,8.22035,0.98
27.69,3569.01,8.2224,0.143542
27.7,3422.2,7.88417,0.98
27.71,3422.9,7.88579,0.498415
27.72,3085.37,7.10819,0.98
27.73,3083.66,7.10424,0.98
27.74,2715.4,6.25583,0.98
27.75,2716.36,6.25804,0.98
27.76,2716.36,6.25804,0.98
27.77,2575.46,5.93344,0.98
27.78,2575.46,5.93344,0.98
27.79,2745.29,6.3247,0.98
27.8,2746.2,6.32678,0.98
27.81,3047.76,7.02153,0.98
27.82,3046.64,7.01896,0.98
27.83,3330.89,7.67382,0.0001
27.84,3331.67,7.67561,0.98
27.85,3328.89,7.66922,0.0001
27.86,3619.78,8.33937,0.98
27.87,3620.56,8.34118,0.98
27.88,3843.49,8.85477,0.0001
27.89,3843.35,8.85443,0.98
27.9,4013.16,9.24566,0.0001
27.91,4013.32,9.24604,0.98
27.92,4164.58,9.59451,0.0001
27.93,4163.72,9.59252,0.98
27.94,4268.21,9.83326,0.98
27.95,4274.05,9.84671,0.0001
27.96,4363.76,10.0534,0.599712
27.97,4367.38,10.0617,0.98
27.98,4420.28,10.1836,0.98
27.99,4425.17,10.1949,0.0317485
28,4460.1,10.2753,0.758803
28.01,4321.33,9.95564,0.98
28.02,4461.3,10.2781,0.579821
28.03,4402.18,10.1419,0.98
28.04,4402.18,10.1419,0.597939
28.05,3789.74,8.73095,0.0001
28.06,3949.92,9.09995,0.98
28.07,3948.82,9.09744,0.98
28.08,3621.48,8.3433,0.0001
28.09,3620.56,8.34118,0.19245
28.1,3421.49,7.88256,0.98
28.11,3424.42,7.8893,0.602049
28.12,3375.98,7.77771,0.98
28.13,3373.82,7.77272,0.98
28.14,3163.56,7.28831,0.98
28.15,3162.26,7.28531,0.98
28.16,3046.55,7.01875,0.98
28.17,3046.64,7.01896,0.98
28.18,3252.35,7.49288,0.98
28.19,3162.36,7.28554,0.98
28.2,3377.35,7.78086,0.0912617
28.21,3375.98,7.77771,0.98
28.22,3620.7,8.34148,0.0001
28.23,3620.56,8.34118,0.98
28.24,3621.35,8.343,0.0001
28.25,3843.35,8.85443,0.98
28.26,3846.15,8.8609,0.98
28.27,3965.42,9.13568,0.0001
28.28,3965.42,9.13568,0.98
28.29,3964.48,9.1335,0.98
28.3,4131.55,9.5184,0.404968
28.31,4129.33,9.51329,0.98
28.32,4234.42,9.7554,0.0001
28.33,4234.24,9.75498,0.98
28.34,4323.58,9.96081,0.0001
28.35,4326.01,9.96641,0.98
28.36,4313.13,9.93675,0.0777932
28.37,4385.39,10.1032,0.98
28.38,4379.43,10.0895,0.98
28.39,4441.29,10.232,0.571273
28.4,4441.29,10.232,0.98
28.41,4458.71,10.2721,0.284846
28.42,4464.88,10.2864,0.98
28.43,4502.48,10.373,0.848165
28.44,4501.46,10.3706,0.98
28.45,4520.39,10.4142,0.553291
28.46,4521.82,10.4175,0.98
28.47,4521.82,10.4175,0.715356
28.48,4521.82,10.4175,0.98
28.49,4538.44,10.4558,0.917753
28.5,4543.6,10.4677,0.956074
28.51,4542.36,10.4648,0.662469
28.52,4544.83,10.4705,0.866903
28.53,4542.36,10.4648,0.862823
28.54,4541.12,10.462,0.816644
28.55,4538.44,10.4558,0.7623
28.56,4540.91,10.4615,0.818976
28.57,4542.36,10.4648,0.797169
28.58,4544.83,10.4705,0.682819
28.59,4481.09,10.3237,0.698223
28.6,4481.09,10.3237,0.644778
28.61,4345.94,10.0123,0.98
28.62,4344.8,10.0097,0.444602
28.63,4131.38,9.51801,0.775337
28.64,4129.33,9.51329,0.98
28.65,4129.33,9.51329,0.98
28.66,3903.51,8.99303,0.406857
28.67,3901.68,8.98882,0.98
28.68,3620.7,8.34148,0.98
28.69,3620.56,8.34118,0.98
28.7,3469.69,7.9936,0.98
28.71,3468.97,7.99193,0.859383
28.72,3331,7.67408,0.98
28.73,3331,7.67408,0.98
28.74,3376.67,7.77928,0.98
28.75,3375.98,7.77771,0.98
28.76,3469.09,7.99221,0.871272
28.77,3468.97,7.99193,0.98
28.78,3618.21,8.33575,0.646947
28.79,3621.48,8.3433,0.98
28.8,3621.35,8.343,0.98
28.81,3726.06,8.58423,0.0001
28.82,3728.7,8.59031,0.98
28.83,3843.49,8.85477,0.151222
28.84,3843.49,8.85477,0.98
28.85,3843.35,8.85443,0.0001
28.86,3936.23,9.06843,0.98
28.87,3933.14,9.0613,0.98
28.88,4062.23,9.35871,0.302342
28.89,4062.23,9.35871,0.98
28.9,4181.13,9.63262,0.0001
28.91,4181.13,9.63262,0.98
28.92,4287.61,9.87795,0.98
28.93,4291.29,9.88643,0.0001
28.94,4344.8,10.0097,0.98
28.95,4342.35,10.0041,0.0001
28.96,4402.18,10.1419,0.98
28.97,4401.02,10.1392,0.0877005
28.98,4461.3,10.2781,0.285499
28.99,4459.91,10.2749,0.98
29,4461.1,10.2776,0.0001
29.01,4461.1,10.2776,0.98
29.02,4462.49,10.2808,0.597893
29.03,4096.51,9.43769,0.712744
29.04,4095.34,9.43498,0.63013
29.05,3904.42,8.99514,0.98
29.06,3902.59,8.99092,0.0001
29.07,3902.59,8.99092,0.98
29.08,3726.89,8.58615,0.428585
29.09,3729.53,8.59223,0.98
29.1,3621.48,8.3433,0.98
29.11,3622.27,8.34511,0.832025
29.12,3673.77,8.46376,0.98
29.13,3673.9,8.46407,0.98
29.14,3727.73,8.58807,0.98
29.15,3729.67,8.59255,0.924961
29.16,3785.15,8.72037,0.98
29.17,3784.3,8.71839,0.791321
29.18,3785.15,8.72037,0.98
29.19,3902.59,8.99092,0.742458
29.2,3903.51,8.99303,0.98
29.21,3982.32,9.1746,0.98
29.22,3981.21,9.17205,0.0001
29.23,4097.52,9.44001,0.98
29.24,4092.16,9.42765,0.114869
29.25,4184.45,9.64028,0.0001
29.26,4181.13,9.63262,0.98
29.27,4181.13,9.63262,0.0001
29.28,4184.28,9.63988,0.98
29.29,3846.3,8.86124,0.966042
29.3,3843.35,8.85443,0.98
29.31,3843.49,8.85477,0.98
29.32,3727.87,8.58839,0.0809663
29.33,3727.87,8.58839,0.98
29.34,3728.7,8.59031,0.98
29.35,3609.07,8.31469,0.98
29.36,3843.49,8.85477,0.98
29.37,3846.15,8.8609,0.98
29.38,3842.46,8.85239,0.0001
29.39,3964.48,9.1335,0.98
29.4,3965.58,9.13604,0.98
29.41,4093.33,9.43035,0.98
29.42,4094.33,9.43267,0.0001
29.43,4195.33,9.66536,0.0001
29.44,4198.68,9.67307,0.98
29.45,4307.37,9.92348,0.0001
29.46,4307.37,9.92348,0.98
29.47,4386.54,10.1059,0.813622
29.48,4381.74,10.0948,0.0001
29.49,4381.54,10.0944,0.98
29.5,4421.65,10.1867,0.0001
29.51,4422.82,10.1894,0.98
29.52,4481.09,10.3237,0.0001
29.53,4481.09,10.3237,0.805124
29.54,4505.11,10.379,0.0001
29.55,4501.46,10.3706,0.75898
29.56,4789.96,11.0353,0.3966
29.57,4546.07,10.4734,0.113659
29.58,4542.36,10.4648,0.550108
29.59,4442.47,10.2347,0.0001
29.6,4441.29,10.232,0.502644
29.61,4127.29,9.50858,0.274571
29.62,4129.33,9.51329,0.98
29.63,3843.49,8.85477,0.98
29.64,3844.38,8.85681,0.0001
29.65,3518.65,8.10639,0.98
29.66,3519.39,8.1081,0.0001
29.67,3470.54,7.99554,0.98
29.68,3510.87,8.08846,0.0810024
29.69,3470.54,7.99554,0.98
29.7,3619.78,8.33937,0.98
29.71,3673.9,8.46407,0.898102
29.72,3673.9,8.46407,0.98
29.73,3671.34,8.45816,0.0001
29.74,3468.25,7.99027,0.98
29.75,3467.41,7.98833,0.98
29.76,3468.25,7.99027,0.98
29.77,3470.41,7.99526,0.98
29.78,3620.56,8.34118,0.897552
29.79,3620.7,8.34148,0.98
29.8,3787.88,8.72665,0.0001
29.81,3787.88,8.72665,0.98
29.82,3919.72,9.0304,0.0001
29.83,3918.8,9.02827,0.98
29.84,3919.88,9.03075,0.98
29.85,4061.08,9.35605,0.0001
29.86,4062.07,9.35833,0.98
29.87,4184.45,9.64028,0.98
29.88,4177.81,9.62498,0.0001
29.89,4183.4,9.63786,0.98
29.9,4269.31,9.83578,0.0001
29.91,4268.21,9.83326,0.98
29.92,4526.73,10.4288,0.694266
29.93,4344.8,10.0097,0.0001
29.94,4399.67,10.1361,0.98
29.95,4402.18,10.1419,0.0001
29.96,4461.1,10.2776,0.126405
29.97,4459.91,10.2749,0.603124
29.98,4503.9,10.3762,0.0001
29.99,4502.48,10.373,0.654396
30,4521.82,10.4175,0.0001
30.01,4448.79,10.2493,0.503869
30.02,4361.29,10.0477,0.0001
30.03,4364.91,10.056,0.98
30.04,4367.19,10.0613,0.98
30.05,4129.33,9.51329,0.0829178
30.06,4128.31,9.51094,0.442918
30.07,3903.51,8.99303,0.98
30.08,3902.59,8.99092,0.0001
30.09,3728.7,8.59031,0.98
30.1,3728.7,8.59031,0.0001
30.11,3729.67,8.59255,0.98
30.12,3573.6,8.23298,0.351127
30.13,3422.9,7.88579,0.98
30.14,3377.47,7.78112,0.98
30.15,3375.3,7.77613,0.98
30.16,3519.39,8.1081,0.98
30.17,3518.53,8.1061,0.98
30.18,3671.34,8.45816,0.0001
30.19,3672.96,8.46189,0.98
30.2,3843.49,8.85477,0.0001
30.21,3846.15,8.8609,0.98
30.22,3843.49,8.85477,0.98
30.23,3997.12,9.20871,0.0001
30.24,3908.23,9.00393,0.98
30.25,4127.29,9.50858,0.945862
30.26,4129.33,9.51329,0.258316
30.27,4235.49,9.75788,0.98
30.28,4235.49,9.75788,0.0001
30.29,4310.9,9.93161,0.096532
30.3,4303.67,9.91494,0.814506
30.31,4112.35,9.47417,0.0001
30.32,4112.35,9.47417,0.961899
30.33,4029.5,9.28329,0.98
30.34,4030.47,9.28554,0.0001
30.35,3997.12,9.20871,0.98
30.36,3997.12,9.20871,0.418135
30.37,3997.12,9.20871,0.98
30.38,4028.36,9.28067,0.704877
30.39,4016.39,9.25309,0.934836
30.4,4112.35,9.47417,0.386807
30.41,4112.35,9.47417,0.968356
30.42,4144.22,9.54759,0.0001
30.43,4197.62,9.67063,0.98
30.44,4463.69,10.2836,0.109918
30.45,4250.07,9.79147,0.820759
30.46,4310.72,9.93118,0.0001
30.47,4308.49,9.92604,0.98
30.48,4310.72,9.93118,0.0001
30.49,4347.07,10.0149,0.0001
30.5,4345.94,10.0123,0.463349
30.51,4307.37,9.92348,0.0001
30.52,4306.26,9.92091,0.468385
30.53,4269.31,9.83578,0.80715
30.54,4271.5,9.84082,0.181553
30.55,4027.22,9.27806,0.897171
30.56,4028.36,9.28067,0.1312
30.57,3623.84,8.34874,0.98
30.58,3672.96,8.46189,0.0001
30.59,3202.25,7.37746,0.98
30.6,3202.15,7.37723,0.0001
30.61,2714.96,6.25481,0.98
30.62,2714.51,6.25379,0.0001
30.63,2716.36,6.25804,0.98
30.64,2686.22,6.18861,0.98
30.65,2687.59,6.19177,0.450656
30.66,2871.5,6.61546,0.98
30.67,2871.5,6.61546,0.98
30.68,2871.01,6.61432,0.98
30.69,3124.02,7.19723,0.0001
30.7,3123.93,7.19701,0.98
30.71,3124.61,7.19858,0.0001
30.72,3122.17,7.19296,0.98
30.73,3244.44,7.47464,0.98
30.74,3245.17,7.47634,0.98
30.75,3468.25,7.99027,0.38361
30.76,3353.23,7.72529,0.98
30.77,3673.9,8.46407,0.0001
30.78,3748.83,8.63668,0.98
30.79,3903.51,8.99303,0.0001
30.8,3903.51,8.99303,0.98
30.81,4032.42,9.29003,0.0001
30.82,4029.33,9.28292,0.98
30.83,4144.39,9.54799,0.0001
30.84,4143.36,9.54562,0.98
30.85,4250.07,9.79147,0.98
30.86,4252.24,9.79647,0.0001
30.87,4327.13,9.969,0.0001
30.88,4323.76,9.96124,0.98
30.89,4327.13,9.969,0.0001
30.9,4401.02,10.1392,0.98
30.91,4398.7,10.1339,0.536973
30.92,4438.72,10.2261,0.0001
30.93,4440.1,10.2293,0.897644
30.94,4442.47,10.2347,0.0001
30.95,4445.04,10.2406,0.671624
30.96,4270.58,9.83872,0.369903
30.97,4271.5,9.84082,0.413237
30.98,4272.77,9.84376,0.98
30.99,4130.35,9.51565,0.0001
31,4130.35,9.51565,0.787859
31.01,3997.28,9.20908,0.98
31.02,3997.28,9.20908,0.159579
31.03,3978.36,9.16548,0.98
31.04,3981.21,9.17205,0.279813
31.05,3903.51,8.99303,0.98
31.06,3901.53,8.98847,0.765729
31.07,3469.69,7.9936,0.98
31.08,3468.97,7.99193,0.660242
31.09,3122.85,7.19454,0.98
31.1,3124.02,7.19723,0.0001
31.11,2974.6,6.85298,0.98
31.12,2973.54,6.85053,0.421051
31.13,2973.54,6.85053,0.98
31.14,2974.07,6.85176,0.98
31.15,2974.07,6.85176,0.98
31.16,2973.45,6.85033,0.98
31.17,3084.23,7.10556,0.98
31.18,3084.23,7.10556,0.98
31.19,3122.76,7.19431,0.753371
31.2,3122.85,7.19454,0.98
31.21,3287.09,7.57292,0.98
31.22,3287.2,7.57317,0.98
31.23,3467.53,7.98861,0.0001
31.24,3468.25,7.99027,0.98
31.25,3728.7,8.59031,0.0001
31.26,3729.53,8.59223,0.98
31.27,3902.59,8.99092,0.0001
31.28,3903.35,8.99268,0.98
31.29,4026.41,9.27619,0.98
31.3,4029.33,9.28292,0.0001
31.31,4163.72,9.59252,0.98
31.32,4163.72,9.59252,0.0001
31.33,4164.76,9.59491,0.0001
31.34,4271.68,9.84124,0.98
31.35,4269.31,9.83578,0.867146
31.36,4363.76,10.0534,0.0001
31.37,4364.91,10.056,0.98
31.38,4421.65,10.1867,0.708162
31.39,4423.02,10.1899,0.0001
31.4,4464.88,10.2864,0.170726
31.41,4461.1,10.2776,0.639886
31.42,4462.29,10.2804,0.0001
31.43,4500.04,10.3674,0.674306
31.44,4501.26,10.3702,0.319885
31.45,4543.6,10.4677,0.0001
31.46,4542.15,10.4644,0.434968
31.47,4479.89,10.3209,0.0001
31.48,4481.09,10.3237,0.377006
31.49,4146.45,9.55274,0.98
31.5,4145.42,9.55037,0.0001
31.51,4146.45,9.55274,0.98
31.52,3783.44,8.71641,0.0001
31.53,3375.3,7.77613,0.98
31.54,3375.87,7.77744,0.98
31.55,3375.87,7.77744,0.98
31.56,3329.56,7.67076,0.301451
31.57,3330.23,7.67229,0.98
31.58,3469.81,7.99387,0.98
31.59,3470.41,7.99526,0.98
31.6,3621.48,8.3433,0.98
31.61,3621.48,8.3433,0.0001
31.62,3842.46,8.85239,0.0001
31.63,3842.61,8.85273,0.98
31.64,4053.83,9.33937,0.0001
31.65,3966.52,9.13821,0.98
31.66,3968.41,9.14256,0.0001
31.67,3966.52,9.13821,0.98
31.68,3962.44,9.1288,0.188977
31.69,4235.31,9.75746,0.98
31.7,4236.57,9.76036,0.830182
31.71,4233.16,9.75251,0.0001
31.72,4217.45,9.71631,0.98
31.73,4219.77,9.72164,0.0637554
31.74,3918.8,9.02827,0.567438
31.75,3918.8,9.02827,0.545582
31.76,3673.9,8.46407,0.98
31.77,3674.71,8.46593,0.0001
31.78,3245.17,7.47634,0.98
31.79,3243.8,7.47319,0.0001
31.8,3009.87,6.93425,0.98
31.81,3009.87,6.93425,0.0001
31.82,3046.55,7.01875,0.98
31.83,3047.76,7.02153,0.835166
31.84,3243.8,7.47319,0.98
31.85,3243.8,7.47319,0.98
31.86,3468.97,7.99193,0.0001
31.87,3470.54,7.99554,0.98
31.88,3673.9,8.46407,0.98
31.89,3673.9,8.46407,0.0001
31.9,3673.9,8.46407,0.98
31.91,3843.49,8.85477,0.0001
31.92,3947.73,9.09492,0.98
31.93,3790.46,8.7326,0.971187
31.94,3965.42,9.13568,0.0001
31.95,3966.37,9.13785,0.98
31.96,4113.36,9.47651,0.0001
31.97,4115.56,9.48158,0.98
31.98,4216.38,9.71385,0.578784
31.99,4216.38,9.71385,0.0001
32,4307.37,9.92348,0.98
32.01,4307.37,9.92348,0.0001
32.02,4307.37,9.92348,0.915833
32.03,4361.48,10.0481,0.0001
32.04,4440.1,10.2293,0.70135
32.05,4441.29,10.232,0.122572
32.06,4438.72,10.2261,0.0001
32.07,4482.29,10.3265,0.0001
32.08,4481.29,10.3242,0.242178
32.09,4521.61,10.417,0.0001
32.1,4523.04,10.4203,0.0001
32.11,4461.3,10.2781,0.041449
32.12,4461.3,10.2781,0.0001
32.13,4216.38,9.71385,0.0001
32.14,4217.45,9.71631,0.580848
32.15,4217.45,9.71631,0.0001
32.16,4164.76,9.59491,0.98
32.17,4163.72,9.59252,0.0001
32.18,4161.64,9.58773,0.301581
32.19,4163.72,9.59252,0.675569
32.2,4163.89,9.59291,0.0001
32.21,4196.57,9.6682,0.0435165
32.22,4253.51,9.79938,0.0001
32.23,4253.51,9.79938,0.0001
32.24,4270.58,9.83872,0.011834
32.25,4270.4,9.8383,0.0001
32.26,3997.12,9.20871,0.00660508
32.27,3998.08,9.21092,0.0001
32.28,3918.8,9.02827,0.98
32.29,3918.8,9.02827,0.0001
32.3,3964.48,9.1335,0.98
32.31,3966.37,9.13785,0.0001
32.32,3964.48,9.1335,0.0001
32.33,4060.09,9.35377,0.13061
32.34,4063.22,9.361,0.0001
32.35,4181.13,9.63262,0.0001
32.36,4181.13,9.63262,0.236417
32.37,4270.58,9.83872,0.0001
32.38,4269.31,9.83578,0.182639
32.39,4216.38,9.71385,0.0001
32.4,4217.45,9.71631,0.0001
32.41,4214.25,9.70894,0.0001
32.42,3946.95,9.09313,0.242667
32.43,3845.27,8.85886,0.0001
32.44,3419.97,7.87905,0.98
32.45,3423.02,7.88606,0.181307
32.46,3420.09,7.87932,0.98
32.47,3331,7.67408,0.0001
32.48,3331.67,7.67561,0.98
32.49,3287.85,7.57467,0.28398
32.5,3287.2,7.57317,0.98
32.51,3046.64,7.01896,0.865484
32.52,3047.67,7.02132,0.596352
32.53,3045.44,7.01619,0.98
32.54,3046.64,7.01896,0.0001
32.55,3162.26,7.28531,0.98
32.56,3162.36,7.28554,0.927427
32.57,3202.25,7.37746,0.0001
32.58,3204.72,7.38314,0.98
32.59,3375.98,7.77771,0.173832
32.6,3375.98,7.77771,0.98
32.61,3518.65,8.10639,0.0001
32.62,3518.65,8.10639,0.98
32.63,3639.67,8.3852,0.0001
32.64,3729.53,8.59223,0.98
32.65,3728.7,8.59031,0.296251
32.66,3903.51,8.99303,0.0001
32.67,3902.44,8.99057,0.98
32.68,3842.61,8.85273,0.0001
32.69,3981.21,9.17205,0.0001
32.7,3845.27,8.85886,0.98
32.71,3844.38,8.85681,0.0001
32.72,3843.49,8.85477,0.550616
32.73,3843.49,8.85477,0.98
32.74,3843.35,8.85443,0.0001
32.75,3843.35,8.85443,0.113914
32.76,3842.61,8.85273,0.0001
32.77,3843.49,8.85477,0.0001
32.78,3850,8.86977,0.0001
32.79,3844.23,8.85647,0.0001
32.8,3905.49,8.9976,0.0001
32.81,3906.4,8.99971,0.0001
32.82,4013.16,9.24566,0.0001
32.83,4013.16,9.24566,0.0295125
32.84,4077.8,9.39459,0.0001
32.85,4078.8,9.39689,0.0729454
32.86,3728.7,8.59031,0.0001
32.87,3728.7,8.59031,0.0001
32.88,3162.26,7.28531,0.0001
32.89,3160.46,7.28117,0.98
32.9,2600.98,5.99223,0.0001
32.91,2602.34,5.99535,0.98
32.92,2523.4,5.81351,0.98
32.93,2523.79,5.81439,0.0001
32.94,2745.74,6.32574,0.98
32.95,2745.29,6.3247,0.98
32.96,3046.55,7.01875,0.0001
32.97,3045.44,7.01619,0.98
32.98,3046.64,7.01896,0.0001
32.99,3202.77,7.37865,0.98
33,3204.1,7.38172,0.568909
33.01,3202.25,7.37746,0.0001
33.02,3046.64,7.01896,0.98
33.03,3046.64,7.01896,0.653668
33.04,3083.56,7.10402,0.98
33.05,3084.23,7.10556,0.368834
33.06,3122.76,7.19431,0.691662
33.07,3124.02,7.19723,0.98
33.08,3287.2,7.57317,0.418098
33.09,3289.15,7.57766,0.98
33.1,3518.65,8.10639,0.0001
33.11,3518.65,8.10639,0.98
33.12,3827.75,8.81851,0.0001
33.13,3731.34,8.5964,0.98
33.14,3903.51,8.99303,0.0001
33.15,3903.51,8.99303,0.98
33.16,3222.9,7.42502,0.0001
33.17,4045.63,9.32047,0.923027
33.18,4045.63,9.32047,0.98
33.19,4177.98,9.62538,0.0001
33.2,4181.13,9.63262,0.98
33.21,4269.31,9.83578,0.0001
33.22,4269.31,9.83578,0.0001
33.23,4270.4,9.8383,0.0001
33.24,4269.31,9.83578,0.0001
33.25,4344.61,10.0093,0.0001
33.26,4344.8,10.0097,0.0001
33.27,4348.2,10.0175,0.0001
33.28,4344.61,10.0093,0.0001
33.29,4344.8,10.0097,0.0001
33.3,3917.73,9.0258,0.0001
33.31,3917.73,9.0258,0.0001
33.32,3375.3,7.77613,0.98
33.33,3377.35,7.78086,0.0001
33.34,3202.77,7.37865,0.98
33.35,3204.82,7.38338,0.0001
33.36,2903.85,6.69,0.98
33.37,2904.36,6.69116,0.0001
33.38,2872,6.6166,0.98
33.39,2871.5,6.61546,0.0001
33.4,3089.57,7.11785,0.98
33.41,3083.56,7.10402,0.98
33.42,3083.66,7.10424,0.0001
33.43,3084.23,7.10556,0.98
33.44,3620.56,8.34118,0.363091
33.45,3620.7,8.34148,0.768361
33.46,3620.56,8.34118,0.668996
33.47,3844.38,8.85681,0.0001
33.48,3843.35,8.85443,0.98
33.49,3968.41,9.14256,0.0001
33.5,3965.42,9.13568,0.843827
33.51,3962.44,9.1288,0.0001
33.52,4013.16,9.24566,0.0001
33.53,4013.32,9.24604,0.0499236
33.54,4078.64,9.3965,0.0001
33.55,4078.8,9.39689,0.0001
33.56,4175.71,9.62015,0.0001
33.57,4079.8,9.39919,0.0001
33.58,3785.15,8.72037,0.0001
33.59,3785.15,8.72037,0.827324
33.6,3782.43,8.7141,0.98
33.61,3568.75,8.22181,0.0001
33.62,3570.54,8.22592,0.0001
33.63,3161.06,7.28255,0.98
33.64,3162.26,7.28531,0.0001
33.65,3085.47,7.10841,0.98
33.66,3084.23,7.10556,0.0001
33.67,3202.15,7.37723,0.98
33.68,3203.49,7.3803,0.0001
33.69,3421.49,7.88256,0.0001
33.7,3422.31,7.88444,0.682594
33.71,3673.09,8.4622,0.0001
33.72,3673.77,8.46376,0.909539
33.73,3843.49,8.85477,0.0001
33.74,3844.38,8.85681,0.753569
33.75,3845.27,8.85886,0.0001
33.76,3846.15,8.8609,0.174492
33.77,3841.57,8.85035,0.0001
33.78,3904.42,8.99514,0.0001
33.79,3918.8,9.02827,0.0001
33.8,3918.8,9.02827,0.0001
33.81,3996.16,9.2065,0.0001
33.82,3997.28,9.20908,0.0001
33.83,3983.27,9.1768,0.0001
33.84,3981.21,9.17205,0.0001
33.85,3981.21,9.17205,0.0001
33.86,3569.01,8.2224,0.0001
33.87,3569.64,8.22387,0.0001
33.88,3568.12,8.22035,0.98
33.89,3568.88,8.22211,0.0001
33.9,3164.16,7.28969,0.0001
33.91,3122.76,7.19431,0.0001
33.92,3122.17,7.19296,0.98
33.93,3287.09,7.57292,0.0001
33.94,3286.45,7.57143,0.352713
33.95,3518.53,8.1061,0.0001
33.96,3518.65,8.10639,0.532753
33.97,3518.53,8.1061,0.0001
33.98,3674.71,8.46593,0.532088
33.99,3673.9,8.46407,0.0001
34,3620.7,8.34148,0.0001
34.01,3619.78,8.33937,0.0001
34.02,3618.99,8.33756,0.0001
34.03,3673.77,8.46376,0.0001
34.04,3671.34,8.45816,0.0001
34.05,3786.01,8.72235,0.0001
34.06,3784.3,8.71839,0.0001
34.07,3844.38,8.85681,0.0001
34.08,3843.35,8.85443,0.0001
34.09,3843.35,8.85443,0.0001
34.1,3568.88,8.22211,0.0001
34.11,3569.77,8.22416,0.0001
34.12,3422.2,7.88417,0.98
34.13,3419.97,7.87905,0.0001
34.14,3421.38,7.88229,0.0001
34.15,2974.6,6.85298,0.98
34.16,2974.69,6.85318,0.0001
34.17,2474.21,5.70016,0.0001
34.18,2463.18,5.67475,0.98
34.19,2448.82,5.64168,0.0001
34.2,2449.24,5.64264,0.98
34.21,2686.22,6.18861,0.0001
34.22,2686.22,6.18861,0.98
34.23,2683.99,6.18346,0.0001
34.24,3011.59,6.93822,0.98
34.25,3009.33,6.933,0.164967
34.26,3331,7.67408,0.565921
34.27,3329.56,7.67076,0.0001
34.28,3330.89,7.67382,0.0001
34.29,3331,7.67408,0.621436
34.3,3330.23,7.67229,0.0001
34.31,3331,7.67408,0.0001
34.32,3331,7.67408,0.0001
34.33,3331.67,7.67561,0.0001
34.34,3330.89,7.67382,0.0001
34.35,3330.89,7.67382,0.0001
34.36,3330.89,7.67382,0.0001
34.37,3330.89,7.67382,0.0001
34.38,3330.23,7.67229,0.0001
34.39,3331,7.67408,0.0001
34.4,3331,7.67408,0.0001
34.41,3331,7.67408,0.0001
34.42,3330.23,7.67229,0.0001
34.43,3331,7.67408,0.0001
34.44,3330.89,7.67382,0.0001
34.45,3330.89,7.67382,0.0001
34.46,3331,7.67408,0.0001
34.47,3331.67,7.67561,0.0001
34.48,3330.34,7.67254,0.0001
34.49,3331.56,7.67535,0.0001
34.5,3331,7.67408,0.0001
34.51,3330.89,7.67382,0.0001
34.52,3330.89,7.67382,0.0001
34.53,3331.67,7.67561,0.0001
34.54,3330.89,7.67382,0.0001
34.55,3330.34,7.67254,0.0001
34.56,3331.67,7.67561,0.0001
34.57,3331,7.67408,0.0001
34.58,3330.89,7.67382,0.0001
34.59,3332.33,7.67715,0.0001
34.6,3330.23,7.67229,0.0001
34.61,3330.34,7.67254,0.0001
34.62,3331,7.67408,0.0001
34.63,3331.67,7.67561,0.0001
34.64,3331,7.67408,0.0001
34.65,3331.67,7.67561,0.0001
34.66,3331,7.67408,0.0001
34.67,3330.34,7.67254,0.0001
34.68,3331,7.67408,0.0001
34.69,3331,7.67408,0.0001
34.7,3331,7.67408,0.0001
34.71,3330.23,7.67229,0.0001
34.72,3330.89,7.67382,0.0001
34.73,3330.89,7.67382,0.0001
34.74,3330.89,7.67382,0.0001
34.75,3330.89,7.67382,0.0001
34.76,3331,7.67408,0.0001
34.77,3331.67,7.67561,0.0001
34.78,3330.89,7.67382,0.0001
34.79,3329.56,7.67076,0.0001
34.8,3331,7.67408,0.0001
34.81,3330.89,7.67382,0.0001
34.82,3330.34,7.67254,0.0001
34.83,3332.33,7.67715,0.0001
34.84,3331,7.67408,0.0001
34.85,3331,7.67408,0.0001
34.86,3330.89,7.67382,0.0001
34.87,3331,7.67408,0.0001
34.88,3329.56,7.67076,0.0001
34.89,3330.89,7.67382,0.0001
34.9,3330.23,7.67229,0.0001
34.91,3331.56,7.67535,0.0001
34.92,3330.23,7.67229,0.0001
34.93,3331,7.67408,0.0001
34.94,3331,7.67408,0.0001
34.95,3331,7.67408,0.0001
34.96,3329.56,7.67076,0.0001
34.97,3331,7.67408,0.0001
34.98,3331.67,7.67561,0.0001
34.99,3330.34,7.67254,0.0001
35,3332.33,7.67715,0.0001
35.01,3331,7.67408,0.0001
35.02,3331,7.67408,0.0001
35.03,3331.56,7.67535,0.0001
35.04,3331.67,7.67561,0.0001
35.05,3331,7.67408,0.0001
35.06,3331.67,7.67561,0.0001
35.07,3331.56,7.67535,0.0001
35.08,3328.78,7.66897