<?xml version="1.0" encoding="UTF-8"?>
<fmiModelDescription
  fmiVersion="2.0"
  guid="{6a6ba1b4-0ba0-493f-b239-1b5b64224ebd}" 
  modelName="Controller_Seperate"
  generationTool="Simulink 9.3 (R2020a) 18-Nov-2019 with FMI Kit 2.7 (grtfmi.tlc, FixedStepDiscrete, 0.01 s)"
  generationDateAndTime="2020-05-30T22:32:44"
  author="Kevin"
  version="1.5"
  numberOfEventIndicators="0">
  
  <CoSimulation
    modelIdentifier="Controller_Seperate"
    canHandleVariableCommunicationStepSize="true">
    <SourceFiles>
      <File name="fmi2Functions.c"/>
      <File name="Controller_Seperate.c"/>
      <File name="Controller_Seperate_data.c"/>
    </SourceFiles>
  </CoSimulation>

  <DefaultExperiment
    startTime="0.0"
    stopTime="100.0"
    stepSize="0.01"/>

  <ModelVariables>

    <!-- Parameters -->
    <ScalarVariable name="Integrator_gainval" valueReference="1" causality="parameter" variability="tunable">
      <Real start="0.01"/>
    </ScalarVariable>
    <ScalarVariable name="Filter_gainval" valueReference="2" causality="parameter" variability="tunable">
      <Real start="0.01"/>
    </ScalarVariable>
    <ScalarVariable name="Saturation_UpperSat" valueReference="3" causality="parameter" variability="tunable">
      <Real start="1.0"/>
    </ScalarVariable>
    <ScalarVariable name="Saturation_LowerSat" valueReference="4" causality="parameter" variability="tunable">
      <Real start="0.0"/>
    </ScalarVariable>

    <!-- Inputs -->
    <ScalarVariable name="Velocity" valueReference="5" causality="input">
      <Real start="0"/>
    </ScalarVariable>

    <!-- Outputs -->
    <ScalarVariable name="Throttle" valueReference="6" causality="output">
      <Real/>
    </ScalarVariable>

    <!-- Block Outputs -->
    <ScalarVariable name="Sum.Sum" valueReference="7">
      <Real/>
    </ScalarVariable>

  </ModelVariables>

  <ModelStructure>
    <Outputs>
      <Unknown index="6"/>
    </Outputs>
  </ModelStructure>

</fmiModelDescription>

